design,bucket,cluster,k,n,s,ss,sn,nn
headline,S,market,5043,14048,243.513388,9045.754879,2492.140913,132854
headline,S,wallet,167,14048,243.513388,22255.7618,753385.9174,39304528
headline,A,market,3446,7167,80.002808,3248.656651,1493.725165,55475
headline,A,wallet,532,7167,80.002808,2426.011058,8939.446028,805811
headline,B,market,4573,12254,-111.937888,8601.605931,-5175.114279,172136
headline,B,wallet,1190,12254,-111.937888,6509.560832,-17708.67872,958034
headline,C,market,2615,10083,-11.616921,10693.90384,-3506.351843,174859
headline,C,wallet,1407,10083,-11.616921,4868.638624,11152.98734,710923
headline,D,market,1161,3235,-133.828411,2905.107522,-2029.966189,34401
headline,D,wallet,652,3235,-133.828411,1608.458524,-4551.141846,93427
headline,F,market,7271,21926,33.237926,18115.25127,12561.86446,361326
headline,F,wallet,1390,21926,33.237926,17780.1567,-4156.712405,4607894
headline,none,market,2965,10867,145.129495,22789.80176,-4365.435014,206455
headline,none,wallet,2133,10867,145.129495,18055.63244,27781.59839,405653
headline,S/A,market,7052,21215,323.516196,14209.4957,6117.50268,275295
headline,S/A,wallet,593,21215,323.516196,24684.69553,774136.523,41182263
headline,S/A/B,market,9342,33469,211.578308,26239.52914,669.850244,755025
headline,S/A/B,wallet,1493,33469,211.578308,31946.10239,764761.3947,43031799
headline,D/F,market,7862,25161,-100.590485,22996.18897,10285.16926,442549
headline,D/F,wallet,1769,25161,-100.590485,19242.94045,-16131.79645,5280149
headline,all,market,14534,79580,244.500397,117424.7553,-13251.60004,4066332
headline,all,wallet,4390,79580,244.500397,65818.12082,827412.0896,58806482
ranking_rows_only,S,market,4311,12642,194.234869,8638.7579,2231.387216,125596
ranking_rows_only,S,wallet,152,12642,194.234869,21420.45841,755305.2008,37008654
ranking_rows_only,A,market,2936,6210,44.781566,2925.710934,1399.773997,51930
ranking_rows_only,A,wallet,486,6210,44.781566,1875.637386,3427.917182,669714
ranking_rows_only,B,market,4231,11635,-109.876918,8395.371897,-5126.037851,170099
ranking_rows_only,B,wallet,1131,11635,-109.876918,6527.569371,-17322.0591,919287
ranking_rows_only,C,market,2437,9858,-11.255465,10620.06979,-3483.010731,174448
ranking_rows_only,C,wallet,1360,9858,-11.255465,4815.65089,11159.58343,707392
ranking_rows_only,D,market,1036,3068,-126.178186,2840.835956,-1995.587938,34098
ranking_rows_only,D,wallet,621,3068,-126.178186,1552.40548,-4180.625465,89080
ranking_rows_only,F,market,6107,19075,62.565037,16699.83696,13129.66355,341919
ranking_rows_only,F,wallet,1305,19075,62.565037,16435.98857,1456.073436,3730267
ranking_rows_only,none,market,2621,10177,152.400029,22327.54403,-4406.874389,203833
ranking_rows_only,none,wallet,2034,10177,152.400029,17741.63591,27180.60306,385279
ranking_rows_only,S/A,market,6021,18852,239.016435,13440.72119,5554.736409,258406
ranking_rows_only,S/A,wallet,543,18852,239.016435,23239.60327,765774.1807,38387942
ranking_rows_only,S/A/B,market,8143,30487,129.139517,25189.74951,33.503888,729569
ranking_rows_only,S/A/B,wallet,1423,30487,129.139517,30189.6705,751787.1129,40050937
ranking_rows_only,D/F,market,6663,22143,-63.613149,21433.66282,11059.04356,421159
ranking_rows_only,D/F,wallet,1680,22143,-63.613149,17780.87176,-9687.185827,4349121
ranking_rows_only,all,market,12581,72665,206.670932,113769.5544,-12588.39779,3961293
ranking_rows_only,all,wallet,4206,72665,206.670932,62358.33679,804500.4125,53806153
exact_at_fill,S,market,739,1399,50.811943,398.1229515,199.314717,6777
exact_at_fill,S,wallet,61,1399,50.811943,380.0200642,2230.649568,193879
exact_at_fill,A,market,509,941,32.182099,308.8533047,67.868058,3265
exact_at_fill,A,wallet,116,941,32.182099,337.2296219,2456.129803,45877
exact_at_fill,B,market,341,608,-1.45982,203.6712435,-63.236857,1872
exact_at_fill,B,wallet,135,608,-1.45982,143.8075657,-63.04485,8576
exact_at_fill,C,market,177,223,-0.41322,73.52605009,-22.777295,405
exact_at_fill,C,wallet,60,223,-0.41322,53.62884763,18.954319,2645
exact_at_fill,D,market,126,167,-7.650225,64.22356629,-34.718251,301
exact_at_fill,D,wallet,39,167,-7.650225,34.76153529,-118.452439,1695
exact_at_fill,F,market,1168,2834,-26.969358,1411.74428,-570.197685,19092
exact_at_fill,F,wallet,245,2834,-26.969358,1062.793655,-1629.119564,176408
exact_at_fill,none,market,313,630,-4.126617,399.3380131,48.997285,2354
exact_at_fill,none,wallet,96,630,-4.126617,269.6649262,629.924472,17480
exact_at_fill,S/A,market,1035,2340,82.994042,747.8065214,401.494903,15434
exact_at_fill,S/A,wallet,170,2340,82.994042,756.0957946,5013.450767,242764
exact_at_fill,S/A/B,market,1209,2948,81.534222,1013.050269,375.837342,22852
exact_at_fill,S/A/B,wallet,286,2948,81.534222,920.9052158,5075.579753,255182
exact_at_fill,D/F,market,1204,3001,-34.619583,1558.711889,-778.749309,21033
exact_at_fill,D/F,wallet,270,3001,-34.619583,1056.263216,-1810.202564,184315
exact_at_fill,all,market,1961,6802,42.374802,3577.466751,-978.06577,96678
exact_at_fill,all,wallet,651,6802,42.374802,2351.161153,3087.855681,470758
month_start,S,market,3237,8066,215.324162,4278.086543,3051.944172,63660
month_start,S,wallet,107,8066,215.324162,13516.37388,346952.6894,12148166
month_start,A,market,2009,3650,94.803863,1408.01806,1412.673698,25526
month_start,A,wallet,270,3650,94.803863,881.6723034,7617.624758,403292
month_start,B,market,2796,5566,-24.333072,2576.207118,-1110.04472,34800
month_start,B,wallet,479,5566,-24.333072,2267.119541,-4381.856317,486246
month_start,C,market,1794,6534,29.623697,4878.541616,829.835644,134894
month_start,C,wallet,618,6534,29.623697,3757.369263,5965.07472,518896
month_start,D,market,221,322,-26.080408,139.353817,-40.782353,786
month_start,D,wallet,115,322,-26.080408,67.97454478,-139.033692,2206
month_start,F,market,5415,14693,-78.412654,10334.34669,790.567945,199675
month_start,F,wallet,785,14693,-78.412654,5090.763614,-34593.79187,4059925
month_start,none,market,2928,8608,133.646401,9778.636211,3557.750551,142874
month_start,none,wallet,1181,8608,133.646401,8791.803997,25501.86298,636044
month_start,S/A,market,4506,11716,310.128025,6218.172391,5490.29927,114848
month_start,S/A,wallet,347,11716,310.128025,14407.35845,358176.8252,12913170
month_start,S/A/B,market,6071,17282,285.794953,9500.140566,5062.316006,216758
month_start,S/A/B,wallet,791,17282,285.794953,16678.62799,352742.4332,13459046
month_start,D/F,market,5485,15015,-104.493062,11344.67567,237.440163,213631
month_start,D/F,wallet,889,15015,-104.493062,5165.497867,-34769.79452,4062553
month_start,all,market,10343,47439,344.571989,50775.96147,18658.24701,2158991
month_start,all,wallet,3113,47439,344.571989,34361.09493,367888.6238,20176315
headline_price_1,S/A,market,142,214,6.414082,169.8210329,140.261092,598
headline_price_1,S/A,wallet,68,214,6.414082,29.18005768,14.305352,3272
headline_price_1,B,market,93,180,2.52843,131.155407,59.203756,732
headline_price_1,B,wallet,77,180,2.52843,26.92706556,-24.420153,962
headline_price_1,D/F,market,170,407,12.140191,1065.510599,598.025704,5135
headline_price_1,D/F,wallet,162,407,12.140191,90.05799222,79.356582,2467
headline_price_2,S/A,market,813,1463,6.726878,1006.357675,2.500529,5121
headline_price_2,S/A,wallet,185,1463,6.726878,533.4760155,-3062.978158,214543
headline_price_2,B,market,624,1271,-22.342258,1404.218219,-560.390848,7181
headline_price_2,B,wallet,292,1271,-22.342258,639.2263806,-641.710285,24303
headline_price_2,D/F,market,1243,2690,-1.928432,4705.18974,1138.18027,20554
headline_price_2,D/F,wallet,455,2690,-1.928432,2831.522052,2707.595169,99620
headline_price_3,S/A,market,2858,6701,98.274541,3812.7451,635.516654,57985
headline_price_3,S/A,wallet,335,6701,98.274541,5692.33014,62710.78001,3033111
headline_price_3,B,market,2064,4970,-68.662755,3277.628413,-2166.24247,62824
headline_price_3,B,wallet,614,4970,-68.662755,2671.650597,-6078.603072,257480
headline_price_3,D/F,market,4246,11860,-49.482962,7956.992043,3991.731264,165180
headline_price_3,D/F,wallet,956,11860,-49.482962,5722.958005,-1457.886716,1836736
headline_price_4,S/A,market,2516,6145,102.741815,8279.381586,1124.257035,49119
headline_price_4,S/A,wallet,362,6145,102.741815,1535.79839,38470.98187,4090237
headline_price_4,B,market,1587,3264,-11.734543,3549.224191,343.06478,20932
headline_price_4,B,wallet,640,3264,-11.734543,1912.091724,-2094.50478,82170
headline_price_4,D/F,market,2612,6208,-11.627502,8125.901205,3469.131059,48890
headline_price_4,D/F,wallet,908,6208,-11.627502,3163.706277,-3985.169975,315702
headline_price_5,S/A,market,2909,6692,109.35888,2280.279272,2003.293346,45394
headline_price_5,S/A,wallet,399,6692,109.35888,4652.428671,150983.0032,5938330
headline_price_5,B,market,1309,2569,-11.726762,1560.841534,-301.09018,14391
headline_price_5,B,wallet,595,2569,-11.726762,490.3378727,540.129907,95025
headline_price_5,D/F,market,1861,3996,-49.69178,3246.20437,-1140.459627,30688
headline_price_5,D/F,wallet,817,3996,-49.69178,738.886078,-324.430349,145392
headline_category,S/A Soccer,market,2426,11419,162.713606,10178.67165,4002.218052,203313
headline_category,S/A Soccer,wallet,330,11419,162.713606,21294.18457,680356.9088,28237029
headline_category,S/A Tennis,market,1306,2731,7.281575,1267.232849,-356.19673,14869
headline_category,S/A Tennis,wallet,110,2731,7.281575,800.7905214,-381.695428,585599
headline_category,S/A Esports,market,1189,2205,86.497372,595.7885692,152.357441,7531
headline_category,S/A Esports,wallet,141,2205,86.497372,1212.471411,16040.25129,301741
headline_category,S/A Baseball,market,1127,1922,-3.494253,819.5950171,56.917666,5990
headline_category,S/A Baseball,wallet,93,1922,-3.494253,362.197981,4390.084648,442186
headline_category,S/A NFL,market,269,1000,19.790001,364.4200569,170.65707,10370
headline_category,S/A NFL,wallet,70,1000,19.790001,207.7597891,-607.202373,72210
headline_category,S/A Politics,market,117,642,38.890979,457.3502928,1978.772821,25130
headline_category,S/A Politics,wallet,114,642,38.890979,160.5828934,851.774703,11376
headline_category,S/A NCAAF,market,217,518,18.036511,177.0654603,155.991376,3548
headline_category,S/A NCAAF,wallet,44,518,18.036511,126.7852248,804.216101,21502
