read_at,league,game,start_utc,espn_event_id,status,home_score,away_score,home_result
2026-09-23T07:44:43Z,cfb,Miami Hurricanes at Wake Forest Demon Deacons,2026-09-18T23:30Z,401858226,STATUS_FINAL,20,33,0
2026-09-23T07:44:43Z,cfb,Houston Cougars at Texas Tech Red Raiders,2026-09-19T00:00Z,401856811,STATUS_FINAL,28,26,1
2026-09-23T07:44:43Z,cfb,Coastal Carolina Chanticleers at Delaware Blue Hens,2026-09-19T15:30Z,401869940,STATUS_FINAL,22,14,1
2026-09-23T07:44:43Z,cfb,Akron Zips at Minnesota Golden Gophers,2026-09-19T16:00Z,401858451,STATUS_FINAL,41,7,1
2026-09-23T07:44:43Z,cfb,Arizona State Sun Devils at Kansas Jayhawks,2026-09-19T16:00Z,401856812,STATUS_FINAL,17,24,0
2026-09-23T07:44:43Z,cfb,Bowling Green Falcons at Iowa State Cyclones,2026-09-19T16:00Z,401856798,STATUS_FINAL,55,7,1
2026-09-23T07:44:43Z,cfb,Georgia Bulldogs at Arkansas Razorbacks,2026-09-19T16:00Z,401856686,STATUS_FINAL,17,45,0
2026-09-23T07:44:43Z,cfb,North Carolina Tar Heels at Clemson Tigers,2026-09-19T16:00Z,401858229,STATUS_FINAL,28,20,1
2026-09-23T07:44:43Z,cfb,North Texas Mean Green at Texas State Bobcats,2026-09-19T16:00Z,401860889,STATUS_FINAL,49,35,1
2026-09-23T07:44:43Z,cfb,Tulane Green Wave at Kansas State Wildcats,2026-09-19T16:00Z,401856792,STATUS_FINAL,31,20,1
2026-09-23T07:44:43Z,cfb,Eastern Michigan Eagles at Wisconsin Badgers,2026-09-19T16:30Z,401858460,STATUS_FINAL,54,10,1
2026-09-23T07:44:43Z,cfb,NC State Wolfpack at Vanderbilt Commodores,2026-09-19T16:45Z,401856695,STATUS_FINAL,35,31,1
2026-09-23T07:44:43Z,cfb,Wyoming Cowboys at Central Michigan Chippewas,2026-09-19T17:00Z,401864508,STATUS_FINAL,24,10,1
2026-09-23T07:44:43Z,cfb,Temple Owls at Toledo Rockets,2026-09-19T19:00Z,401862774,STATUS_FINAL,49,48,1
2026-09-23T07:44:43Z,cfb,Florida State Seminoles at Alabama Crimson Tide,2026-09-19T19:30Z,401856685,STATUS_FINAL,50,36,1
2026-09-23T07:44:43Z,cfb,Kentucky Wildcats at Texas A&M Aggies,2026-09-19T19:30Z,401856694,STATUS_FINAL,21,31,0
2026-09-23T07:44:43Z,cfb,Miami (OH) RedHawks at Cincinnati Bearcats,2026-09-19T19:30Z,401856797,STATUS_FINAL,35,31,1
2026-09-23T07:44:43Z,cfb,SMU Mustangs at Louisville Cardinals,2026-09-19T19:30Z,401858230,STATUS_FINAL,41,31,1
2026-09-23T07:44:43Z,cfb,USC Trojans at Rutgers Scarlet Knights,2026-09-19T19:30Z,401858457,STATUS_FINAL,35,42,0
2026-09-23T07:44:43Z,cfb,Ball State Cardinals at Liberty Flames,2026-09-19T20:00Z,401866422,STATUS_FINAL,51,15,1
2026-09-23T07:44:43Z,cfb,Louisiana Tech Bulldogs at Baylor Bears,2026-09-19T20:00Z,401867804,STATUS_FINAL,36,19,1
2026-09-23T07:44:43Z,cfb,Stanford Cardinal at Duke Blue Devils,2026-09-19T20:00Z,401858231,STATUS_FINAL,35,7,1
2026-09-23T07:44:43Z,cfb,Mississippi State Bulldogs at South Carolina Gamecocks,2026-09-19T20:15Z,401856691,STATUS_FINAL,34,41,0
2026-09-23T07:44:43Z,cfb,East Carolina Pirates at Old Dominion Monarchs,2026-09-19T22:00Z,401862710,STATUS_FINAL,17,20,0
2026-09-23T07:44:43Z,cfb,Florida International Panthers at Florida Atlantic Owls,2026-09-19T22:00Z,401862771,STATUS_FINAL,16,10,1
2026-09-23T07:44:43Z,cfb,Marshall Thundering Herd at Missouri State Bears,2026-09-19T22:30Z,401871047,STATUS_FINAL,24,30,0
2026-09-23T07:44:43Z,cfb,Florida Gators at Auburn Tigers,2026-09-19T23:00Z,401856687,STATUS_FINAL,39,44,0
2026-09-23T07:44:43Z,cfb,Georgia Southern Eagles at Jacksonville State Gamecocks,2026-09-19T23:00Z,401869948,STATUS_FINAL,31,27,1
2026-09-23T07:44:43Z,cfb,Georgia State Panthers at UCF Knights,2026-09-19T23:00Z,401856800,STATUS_FINAL,44,30,1
2026-09-23T07:44:43Z,cfb,Nevada Wolf Pack at Middle Tennessee Blue Raiders,2026-09-19T23:00Z,401864443,STATUS_FINAL,27,20,1
2026-09-23T07:44:43Z,cfb,Ohio Bobcats at South Alabama Jaguars,2026-09-19T23:00Z,401866423,STATUS_FINAL,41,36,1
2026-09-23T07:44:43Z,cfb,Troy Trojans at Missouri Tigers,2026-09-19T23:00Z,401856689,STATUS_FINAL,27,17,1
2026-09-23T07:44:43Z,cfb,UConn Huskies at Southern Miss Golden Eagles,2026-09-19T23:00Z,401861963,STATUS_FINAL,20,48,0
2026-09-23T07:44:43Z,cfb,Western Michigan Broncos at Rice Owls,2026-09-19T23:00Z,401862773,STATUS_FINAL,21,28,0
2026-09-23T07:44:43Z,cfb,North Dakota Fighting Hawks at Nebraska Cornhuskers,2026-09-19T23:15Z,401858452,STATUS_FINAL,34,7,1
2026-09-23T07:44:43Z,cfb,BYU Cougars at Colorado State Rams,2026-09-19T23:30Z,401856795,STATUS_FINAL,23,41,0
2026-09-23T07:44:43Z,cfb,Colorado Buffaloes at Northwestern Wildcats,2026-09-19T23:30Z,401856796,STATUS_FINAL,41,7,1
2026-09-23T07:44:43Z,cfb,LSU Tigers at Ole Miss Rebels,2026-09-19T23:30Z,401856688,STATUS_FINAL,32,24,1
2026-09-23T07:44:43Z,cfb,Michigan State Spartans at Notre Dame Fighting Irish,2026-09-19T23:30Z,401858453,STATUS_FINAL,27,10,1
2026-09-23T07:44:43Z,cfb,New Mexico Lobos at Oklahoma Sooners,2026-09-19T23:30Z,401856690,STATUS_FINAL,14,6,1
2026-09-23T07:44:43Z,cfb,Virginia Tech Hokies at Maryland Terrapins,2026-09-19T23:30Z,401858232,STATUS_FINAL,26,35,0
2026-09-23T07:44:43Z,cfb,Arkansas State Red Wolves at TCU Horned Frogs,2026-09-20T00:00Z,401856799,STATUS_FINAL,31,7,1
2026-09-23T07:44:43Z,cfb,UAB Blazers at Louisiana Ragin' Cajuns,2026-09-20T00:00Z,401862776,STATUS_FINAL,21,14,1
2026-09-23T07:44:43Z,cfb,UTSA Roadrunners at Texas Longhorns,2026-09-20T00:00Z,401856693,STATUS_FINAL,30,6,1
2026-09-23T07:44:43Z,cfb,James Madison Dukes at San Diego State Aztecs,2026-09-20T02:00Z,401860887,STATUS_FINAL,13,26,0
2026-09-23T07:44:43Z,cfb,South Dakota Coyotes at Boise State Broncos,2026-09-20T02:00Z,401860885,STATUS_FINAL,38,24,1
2026-09-23T07:44:43Z,cfb,North Dakota State Bison at Sacramento State Hornets,2026-09-20T02:30Z,401864507,STATUS_FINAL,10,31,0
2026-09-23T07:44:43Z,cfb,Northern Illinois Huskies at Arizona Wildcats,2026-09-20T02:30Z,401856793,STATUS_FINAL,42,17,1
2026-09-23T07:44:43Z,cfb,Purdue Boilermakers at UCLA Bruins,2026-09-20T03:00Z,401858458,STATUS_FINAL,52,38,1
2026-09-23T07:44:43Z,mlb,Chicago Cubs at Cincinnati Reds,2026-09-18T22:40Z,401817014,STATUS_FINAL,1,9,0
2026-09-23T07:44:43Z,mlb,Kansas City Royals at Pittsburgh Pirates,2026-09-18T22:40Z,401817015,STATUS_FINAL,4,3,1
2026-09-23T07:44:43Z,mlb,Milwaukee Brewers at Baltimore Orioles,2026-09-18T23:05Z,401817016,STATUS_FINAL,0,3,0
2026-09-23T07:44:43Z,mlb,Boston Red Sox at Tampa Bay Rays,2026-09-18T23:10Z,401817013,STATUS_FINAL,5,1,1
2026-09-23T07:44:43Z,mlb,Philadelphia Phillies at New York Mets,2026-09-18T23:10Z,401817017,STATUS_FINAL,2,7,0
2026-09-23T07:44:43Z,mlb,Detroit Tigers at Chicago White Sox,2026-09-18T23:40Z,401817019,STATUS_FINAL,8,1,1
2026-09-23T07:44:43Z,mlb,Toronto Blue Jays at Texas Rangers,2026-09-19T00:05Z,401817020,STATUS_FINAL,2,7,0
2026-09-23T07:44:43Z,mlb,Atlanta Braves at Houston Astros,2026-09-19T00:10Z,401817018,STATUS_FINAL,2,4,0
2026-09-23T07:44:43Z,mlb,Seattle Mariners at Colorado Rockies,2026-09-19T00:10Z,401817022,STATUS_FINAL,1,2,0
2026-09-23T07:44:43Z,mlb,Washington Nationals at St. Louis Cardinals,2026-09-19T00:15Z,401817021,STATUS_FINAL,5,3,1
2026-09-23T07:44:43Z,mlb,Minnesota Twins at Los Angeles Angels,2026-09-19T01:38Z,401817024,STATUS_FINAL,0,8,0
2026-09-23T07:44:43Z,mlb,Miami Marlins at San Diego Padres,2026-09-19T01:40Z,401817023,STATUS_FINAL,7,3,1
2026-09-23T07:44:43Z,mlb,New York Yankees at Arizona Diamondbacks,2026-09-19T01:40Z,401817025,STATUS_FINAL,8,4,1
2026-09-23T07:44:43Z,mlb,San Francisco Giants at Los Angeles Dodgers,2026-09-19T02:15Z,401817026,STATUS_FINAL,3,1,1
2026-09-23T07:44:43Z,nfl,Carolina Panthers at Atlanta Falcons,2026-09-20T17:00Z,401872933,STATUS_FINAL,3,34,0
2026-09-23T07:44:43Z,nfl,Cincinnati Bengals at Houston Texans,2026-09-20T17:00Z,401872934,STATUS_FINAL,6,20,0
2026-09-23T07:44:43Z,nfl,Cleveland Browns at Tampa Bay Buccaneers,2026-09-20T17:00Z,401872935,STATUS_FINAL,19,23,0
2026-09-23T07:44:43Z,nfl,Green Bay Packers at New York Jets,2026-09-20T17:00Z,401872936,STATUS_FINAL,17,20,0
2026-09-23T07:44:43Z,nfl,Minnesota Vikings at Chicago Bears,2026-09-20T17:00Z,401872937,STATUS_FINAL,3,9,0
2026-09-23T07:44:43Z,nfl,New Orleans Saints at Baltimore Ravens,2026-09-20T17:00Z,401872938,STATUS_FINAL,17,24,0
2026-09-23T07:44:43Z,nfl,Philadelphia Eagles at Tennessee Titans,2026-09-20T17:00Z,401872939,STATUS_FINAL,20,24,0
2026-09-23T07:44:43Z,nfl,Pittsburgh Steelers at New England Patriots,2026-09-20T17:00Z,401872946,STATUS_FINAL,20,3,1
2026-09-23T07:44:43Z,nfl,Jacksonville Jaguars at Denver Broncos,2026-09-20T20:05Z,401872940,STATUS_FINAL,20,13,1
2026-09-23T07:44:43Z,nfl,Las Vegas Raiders at Los Angeles Chargers,2026-09-20T20:05Z,401872941,STATUS_FINAL,14,26,0
2026-09-23T07:44:43Z,nfl,Miami Dolphins at San Francisco 49ers,2026-09-20T20:25Z,401872942,STATUS_FINAL,35,13,1
2026-09-23T07:44:43Z,nfl,Seattle Seahawks at Arizona Cardinals,2026-09-20T20:25Z,401872943,STATUS_FINAL,7,31,0
2026-09-23T07:44:43Z,nfl,Washington Commanders at Dallas Cowboys,2026-09-20T20:25Z,401872944,STATUS_FINAL,37,20,1
2026-09-23T07:44:43Z,nfl,Indianapolis Colts at Kansas City Chiefs,2026-09-21T00:20Z,401872945,STATUS_FINAL,33,30,1
2026-09-23T07:44:43Z,nfl,New York Giants at Los Angeles Rams,2026-09-22T00:15Z,401872947,STATUS_FINAL,28,6,1
2026-09-23T07:44:43Z,wnba,Indiana Fever at Toronto Tempo,2026-09-18T23:30Z,401857195,STATUS_FINAL,85,103,0
2026-09-23T07:44:43Z,wnba,New York Liberty at Minnesota Lynx,2026-09-18T23:30Z,401857196,STATUS_FINAL,81,93,0
2026-09-23T07:44:43Z,wnba,Portland Fire at Golden State Valkyries,2026-09-19T02:00Z,401857197,STATUS_FINAL,82,66,1
