study,attr,cut,cohort,n,wl,mk,gm,musd,win,price,edge,roi,ci_m,ci_w,ci_g,ci,lo,hi
cashout,pub,grp:20to80,C,2055,756,801,442,18.8,55.0,55.9,-0.87,-5.74,3.39,2.50,3.14,3.39,-4.27,2.52
cashout,pit,grp:20to80,C,1996,711,766,419,19.1,55.0,55.4,-0.45,-5.37,3.29,2.38,3.14,3.29,-3.74,2.84
cashout,pub,grp:20to80,D/F,3051,915,1280,869,43.0,52.7,54.3,-1.58,2.61,3.59,2.11,2.89,3.59,-5.16,2.01
cashout,pit,grp:20to80,D/F,2805,814,1190,807,39.9,53.5,54.6,-1.05,4.15,3.93,2.19,2.81,3.93,-4.98,2.88
cashout,pub,grp:20to80,S/A/B,1681,483,770,546,25.3,55.3,53.8,1.48,0.85,3.75,2.61,2.73,3.75,-2.27,5.23
cashout,pit,grp:20to80,S/A/B,1539,411,712,504,23.2,55.8,54.0,1.79,1.03,3.71,2.92,2.85,3.71,-1.92,5.51
cashout,pub,grp:20to80,no grade,796,457,315,262,9.8,50.9,52.2,-1.35,12.39,8.85,6.38,7.19,8.85,-10.20,7.50
cashout,pit,grp:20to80,no grade,1157,668,481,360,13.4,53.2,53.1,0.15,13.75,6.81,4.79,5.73,6.81,-6.66,6.96
cashout,pub,grp:80plus,C,1447,611,615,350,12.4,90.0,89.3,0.79,2.47,3.95,2.02,3.97,3.97,-3.18,4.76
cashout,pit,grp:80plus,C,1346,558,605,355,12.0,89.7,89.1,0.54,1.05,4.24,2.05,4.23,4.24,-3.70,4.78
cashout,pub,grp:80plus,D/F,1627,642,855,614,23.9,88.5,88.8,-0.34,1.94,3.43,2.33,3.44,3.44,-3.78,3.11
cashout,pit,grp:80plus,D/F,1599,585,816,580,24.4,89.2,88.9,0.38,2.67,3.18,2.37,3.13,3.18,-2.80,3.56
cashout,pub,grp:80plus,S/A/B,957,309,568,387,14.7,91.1,89.0,2.09,3.16,2.80,1.93,2.59,2.80,-0.72,4.89
cashout,pit,grp:80plus,S/A/B,860,265,515,352,12.8,91.5,88.9,2.59,3.93,2.72,2.02,2.55,2.72,-0.13,5.30
cashout,pub,grp:80plus,no grade,351,236,208,182,5.5,86.0,89.0,-2.95,2.75,6.97,4.17,6.89,6.97,-9.91,4.02
cashout,pit,grp:80plus,no grade,573,391,334,268,7.4,86.6,89.4,-2.88,1.64,5.32,3.06,5.34,5.34,-8.23,2.46
cashout,pub,grp:all,C,3789,1199,1189,620,33.3,65.5,65.3,0.25,-1.16,3.13,1.60,2.62,3.13,-2.88,3.38
cashout,pit,grp:all,C,3617,1107,1148,607,33.0,65.1,64.6,0.44,-1.04,3.17,1.57,2.58,3.17,-2.73,3.60
cashout,pub,grp:all,D/F,5210,1370,1843,1248,71.6,60.3,60.8,-0.42,4.43,4.10,1.46,2.65,4.10,-4.53,3.68
cashout,pit,grp:all,D/F,4888,1230,1742,1167,68.8,61.7,61.6,0.15,5.34,4.29,1.51,2.51,4.29,-4.14,4.43
cashout,pub,grp:all,S/A/B,2821,653,1215,791,41.8,65.0,63.1,1.90,2.01,3.01,1.75,1.85,3.01,-1.11,4.91
cashout,pit,grp:all,S/A/B,2574,552,1116,723,37.8,64.9,62.8,2.10,1.83,2.94,1.93,1.92,2.94,-0.84,5.04
cashout,pub,grp:all,no grade,1316,689,470,367,16.6,56.9,56.9,0.06,15.26,7.06,4.34,4.21,7.06,-7.00,7.11
cashout,pit,grp:all,no grade,1966,1045,715,500,22.5,59.3,58.8,0.56,15.08,5.51,3.18,3.62,5.51,-4.95,6.07
cashout,pub,grp:under20,C,287,157,72,51,2.1,17.1,11.5,5.55,18.66,21.81,4.81,2.53,21.81,-16.26,27.35
cashout,pit,grp:under20,C,275,152,68,49,1.9,18.2,11.8,6.39,29.47,23.76,4.89,3.13,23.76,-17.36,30.15
cashout,pub,grp:under20,D/F,532,240,114,72,4.7,17.9,11.9,5.91,33.65,22.31,3.49,2.76,22.31,-16.40,28.22
cashout,pit,grp:under20,D/F,484,215,106,68,4.5,18.2,11.9,6.31,30.17,23.20,3.80,2.28,23.20,-16.89,29.50
cashout,pub,grp:under20,S/A/B,183,97,57,38,1.8,17.5,12.7,4.75,8.83,20.99,6.25,3.72,20.99,-16.24,25.74
cashout,pit,grp:under20,S/A/B,175,93,51,34,1.8,14.9,12.4,2.41,-2.89,19.02,6.03,3.18,19.02,-16.60,21.43
cashout,pub,grp:under20,no grade,169,94,33,20,1.3,24.9,11.9,12.92,87.87,26.12,7.70,11.46,26.12,-13.20,39.04
cashout,pit,grp:under20,no grade,236,141,50,37,1.7,22.9,12.0,10.91,82.68,22.93,6.46,11.48,22.93,-12.02,33.84
draws,pub,draw:No,C,1177,191,95,95,13.8,72.9,76.8,-3.88,-9.32,10.61,3.97,10.61,10.61,-14.49,6.73
draws,pit,draw:No,C,1194,175,96,96,14.5,73.4,76.8,-3.47,-9.77,10.06,3.36,10.06,10.06,-13.53,6.60
draws,pub,draw:No,D/F,1212,185,130,130,16.6,72.0,76.2,-4.16,-1.37,9.85,4.22,9.85,9.85,-14.01,5.69
draws,pit,draw:No,D/F,1209,178,124,124,16.6,72.1,76.4,-4.30,-1.34,9.94,4.23,9.94,9.94,-14.23,5.64
draws,pub,draw:No,S/A/B,1787,160,142,142,34.1,69.2,75.9,-6.70,-14.46,10.06,3.51,10.06,10.06,-16.77,3.36
draws,pit,draw:No,S/A/B,1717,149,142,142,32.8,68.5,75.8,-7.26,-14.73,10.01,4.02,10.01,10.01,-17.27,2.75
draws,pub,draw:No,no grade,48,35,31,31,0.6,83.3,77.0,6.30,18.77,13.07,12.19,13.07,13.07,-6.77,19.37
draws,pit,draw:No,no grade,104,72,56,56,1.3,79.8,74.9,4.89,11.23,11.54,8.43,11.54,11.54,-6.65,16.43
draws,pub,draw:Yes,C,747,240,91,91,9.5,52.2,45.0,7.18,14.60,12.20,5.12,12.20,12.20,-5.02,19.39
draws,pit,draw:Yes,C,690,236,87,87,8.5,51.0,46.4,4.62,3.44,11.82,4.14,11.82,11.82,-7.20,16.44
draws,pub,draw:Yes,D/F,1034,283,110,110,15.8,54.1,43.7,10.38,72.48,12.26,7.83,12.26,12.26,-1.87,22.64
draws,pit,draw:Yes,D/F,975,252,112,112,14.0,51.5,42.6,8.84,47.26,12.54,8.46,12.54,12.54,-3.70,21.38
draws,pub,draw:Yes,S/A/B,656,124,104,104,10.3,44.2,40.9,3.31,0.68,11.93,5.18,11.93,11.93,-8.61,15.24
draws,pit,draw:Yes,S/A/B,634,114,102,102,9.7,45.1,41.9,3.18,4.00,12.20,5.18,12.20,12.20,-9.02,15.38
draws,pub,draw:Yes,no grade,279,74,62,62,10.1,28.7,36.1,-7.44,-29.02,18.58,17.50,18.58,18.58,-26.02,11.14
draws,pit,draw:Yes,no grade,417,130,87,87,13.5,42.9,37.2,5.70,19.69,19.62,12.13,19.62,19.62,-13.92,25.32
draws,pub,team:No,C,5173,664,225,141,72.1,65.1,61.8,3.28,6.79,7.77,1.72,7.00,7.77,-4.49,11.06
draws,pit,team:No,C,5072,630,225,141,61.7,62.6,61.5,1.09,-7.50,7.66,1.71,6.94,7.66,-6.57,8.75
draws,pub,team:No,D/F,4981,716,405,287,90.5,65.2,61.7,3.53,8.52,7.37,2.84,6.62,7.37,-3.85,10.90
draws,pit,team:No,D/F,4841,652,393,280,88.6,66.0,62.4,3.58,-0.39,6.86,2.06,6.04,6.86,-3.29,10.44
draws,pub,team:No,S/A/B,7736,399,554,406,135.7,67.4,64.5,2.92,2.28,6.57,1.45,5.57,6.57,-3.65,9.49
draws,pit,team:No,S/A/B,7421,377,517,371,122.8,67.6,64.6,3.03,2.75,6.79,1.34,5.75,6.79,-3.76,9.83
draws,pub,team:No,no grade,1205,263,239,184,61.1,65.0,53.7,11.32,12.59,12.67,11.37,12.55,12.67,-1.35,23.99
draws,pit,team:No,no grade,1761,382,331,245,86.4,69.6,55.2,14.43,28.94,10.78,9.95,10.65,10.78,3.65,25.21
draws,pub,team:Yes,C,6464,1302,247,170,108.3,62.0,63.2,-1.19,4.31,10.06,1.68,9.66,10.06,-11.25,8.87
draws,pit,team:Yes,C,6212,1271,244,170,99.6,61.2,63.4,-2.26,0.27,9.98,2.12,9.60,9.98,-12.25,7.72
draws,pub,team:Yes,D/F,8367,1464,444,344,147.6,60.7,62.0,-1.28,-5.82,9.22,3.80,9.02,9.22,-10.50,7.94
draws,pit,team:Yes,D/F,7994,1285,432,339,133.2,63.3,61.9,1.34,4.42,9.06,4.38,8.84,9.06,-7.72,10.40
draws,pub,team:Yes,S/A/B,5516,617,511,414,112.2,62.5,61.4,1.10,5.34,7.13,1.94,6.57,7.13,-6.03,8.23
draws,pit,team:Yes,S/A/B,5147,542,477,380,101.9,60.3,61.0,-0.74,-1.77,7.41,2.18,6.82,7.41,-8.15,6.67
draws,pub,team:Yes,no grade,2055,665,351,276,96.4,52.9,57.4,-4.42,-5.02,8.61,4.78,8.59,8.61,-13.04,4.19
draws,pit,team:Yes,no grade,3049,1060,420,328,129.7,54.6,59.3,-4.66,-5.49,8.32,4.08,8.35,8.35,-13.00,3.69
nba,pub,cohort,C,909,271,70,10,9.7,53.4,55.9,-2.54,16.66,7.56,4.89,6.73,7.56,-10.10,5.01
nba,pit,cohort,C,846,251,70,8,9.7,53.5,56.0,-2.49,17.98,9.16,6.49,8.53,9.16,-11.65,6.67
nba,pub,cohort,D/F,697,198,61,8,10.2,57.4,58.5,-1.09,5.96,7.38,7.90,10.05,10.05,-11.14,8.96
nba,pit,cohort,D/F,696,204,61,8,9.8,57.3,58.1,-0.79,3.04,5.56,6.64,7.63,7.63,-8.42,6.84
nba,pub,cohort,S/A/B,400,111,61,10,5.8,52.8,57.9,-5.15,-8.74,11.68,7.64,7.54,11.68,-16.83,6.53
nba,pit,cohort,S/A/B,364,109,56,9,5.1,53.8,58.8,-4.92,-7.36,12.82,8.35,9.97,12.82,-17.74,7.90
nba,pub,cohort,no grade,1550,530,75,10,20.9,47.0,54.6,-7.61,9.59,9.83,4.94,7.71,9.83,-17.44,2.22
nba,pit,cohort,no grade,1647,577,80,10,22.0,47.2,54.7,-7.49,9.41,9.56,4.81,7.62,9.56,-17.05,2.07
ou,pub,side:Over,C,3072,519,776,398,33.8,58.4,59.3,-0.90,-0.44,5.55,3.56,6.97,6.97,-7.87,6.06
ou,pit,side:Over,C,3027,506,755,381,33.0,57.8,59.3,-1.48,-1.34,5.56,3.52,6.90,6.90,-8.39,5.42
ou,pub,side:Over,D/F,4100,638,1195,752,57.9,53.6,57.7,-4.12,-2.73,5.17,1.95,6.47,6.47,-10.59,2.34
ou,pit,side:Over,D/F,3926,582,1143,715,54.1,54.4,57.8,-3.43,-1.63,5.18,2.13,6.51,6.51,-9.94,3.08
ou,pub,side:Over,S/A/B,3435,280,1012,629,64.0,56.9,59.4,-2.51,-16.17,5.59,2.17,6.33,6.33,-8.83,3.82
ou,pit,side:Over,S/A/B,3313,253,984,608,64.0,56.6,59.5,-2.95,-16.20,5.73,2.32,6.50,6.50,-9.45,3.55
ou,pub,side:Over,no grade,750,244,369,235,15.3,51.5,54.3,-2.79,29.14,7.33,5.29,9.22,9.22,-12.01,6.42
ou,pit,side:Over,no grade,1090,364,505,308,20.0,52.5,54.9,-2.38,20.40,6.21,4.50,7.62,7.62,-10.00,5.24
ou,pub,side:Under,C,3372,454,797,372,30.6,59.5,60.6,-1.06,-5.41,5.59,2.76,6.58,6.58,-7.64,5.52
ou,pit,side:Under,C,3304,432,785,363,28.9,59.7,60.9,-1.14,-1.94,5.53,3.26,6.57,6.57,-7.72,5.43
ou,pub,side:Under,D/F,3975,519,1105,668,57.4,56.4,59.3,-2.94,-2.05,4.98,2.43,5.98,5.98,-8.92,3.04
ou,pit,side:Under,D/F,3891,488,1076,650,56.0,56.6,59.1,-2.48,-0.30,5.10,2.26,5.98,5.98,-8.46,3.50
ou,pub,side:Under,S/A/B,5084,279,1130,663,73.0,65.4,63.1,2.35,7.34,4.51,1.65,5.67,5.67,-3.32,8.01
ou,pit,side:Under,S/A/B,4960,243,1096,639,72.0,65.1,63.2,1.85,5.31,4.56,1.60,5.77,5.77,-3.92,7.61
ou,pub,side:Under,no grade,669,199,285,196,10.9,59.3,56.8,2.56,11.73,8.01,6.73,10.42,10.42,-7.86,12.99
ou,pit,side:Under,no grade,945,305,417,268,14.9,59.9,57.1,2.83,4.69,6.52,5.07,8.27,8.27,-5.43,11.10
sharp,pub,band:p1,C,1029,402,288,170,9.0,16.7,12.7,4.05,55.07,13.27,2.98,4.03,13.27,-9.22,17.32
sharp,pit,band:p1,C,926,347,285,177,7.6,15.9,12.8,3.08,52.88,13.45,3.35,4.80,13.45,-10.37,16.53
sharp,pub,band:p1,D/F,1325,466,378,237,13.4,15.5,12.8,2.67,7.94,13.14,2.38,3.77,13.14,-10.48,15.81
sharp,pit,band:p1,D/F,1190,410,349,224,12.3,16.8,13.0,3.80,12.18,13.23,2.49,3.93,13.23,-9.42,17.03
sharp,pub,band:p1,S/A/B,986,250,341,197,10.5,18.3,13.0,5.23,20.38,10.45,2.76,5.39,10.45,-5.22,15.69
sharp,pit,band:p1,S/A/B,935,223,335,187,9.7,18.5,12.9,5.59,25.07,10.47,2.79,5.44,10.47,-4.89,16.06
sharp,pub,band:p1,no grade,801,410,135,100,9.2,15.6,11.7,3.89,36.50,17.09,5.79,4.43,17.09,-13.20,20.98
sharp,pit,band:p1,no grade,1088,553,170,125,12.5,14.9,11.8,3.13,28.82,15.67,4.39,3.80,15.67,-12.54,18.80
sharp,pub,band:p2,C,4506,807,1253,702,43.5,33.7,32.0,1.68,1.38,5.63,2.26,5.67,5.67,-3.98,7.35
sharp,pit,band:p2,C,4320,731,1202,658,40.1,31.8,31.9,-0.16,-4.38,5.36,2.06,5.50,5.50,-5.66,5.33
sharp,pub,band:p2,D/F,5338,923,1764,1153,79.0,31.3,32.0,-0.70,9.05,4.42,2.63,4.48,4.48,-5.18,3.78
sharp,pit,band:p2,D/F,5008,826,1664,1091,73.9,32.3,32.0,0.25,4.74,4.55,2.73,4.37,4.55,-4.30,4.80
sharp,pub,band:p2,S/A/B,5109,531,1705,999,73.3,32.1,32.1,0.05,-2.77,4.39,1.76,4.38,4.39,-4.34,4.44
sharp,pit,band:p2,S/A/B,4887,493,1629,953,69.3,32.1,32.2,-0.08,-5.45,4.59,1.82,4.59,4.59,-4.67,4.51
sharp,pub,band:p2,no grade,2288,685,573,391,43.4,36.3,32.0,4.30,-3.16,8.89,5.30,8.96,8.96,-4.65,13.26
sharp,pit,band:p2,no grade,2959,917,792,513,54.9,37.4,32.0,5.42,13.41,7.39,4.06,7.78,7.78,-2.36,13.21
sharp,pub,band:p3,C,15100,1585,2643,1379,195.8,50.9,50.4,0.51,4.13,1.60,1.56,1.50,1.60,-1.09,2.11
sharp,pit,band:p3,C,14452,1486,2545,1332,175.3,50.1,50.4,-0.32,-1.28,1.77,1.66,1.72,1.77,-2.08,1.45
sharp,pub,band:p3,D/F,20769,1827,4669,2967,354.0,49.5,50.5,-1.01,0.94,1.91,1.70,1.98,1.98,-2.99,0.98
sharp,pit,band:p3,D/F,19756,1597,4456,2847,341.3,50.5,50.5,0.05,1.63,1.98,1.63,2.03,2.03,-1.97,2.08
sharp,pub,band:p3,S/A/B,17472,981,4388,2846,344.0,51.1,50.3,0.75,-0.26,1.54,1.28,1.71,1.71,-0.96,2.45
sharp,pit,band:p3,S/A/B,16249,848,4102,2657,319.7,50.7,50.4,0.32,-1.83,1.60,1.38,1.76,1.76,-1.44,2.07
sharp,pub,band:p3,no grade,7237,1388,1341,854,176.0,50.6,50.2,0.36,3.73,2.59,2.69,2.60,2.69,-2.32,3.05
sharp,pit,band:p3,no grade,9802,1821,1887,1185,229.8,52.0,50.2,1.72,10.15,2.21,2.41,2.23,2.41,-0.68,4.13
sharp,pub,band:p4,C,10817,1712,2407,1356,122.2,71.5,69.1,2.40,10.02,3.78,1.21,4.07,4.07,-1.67,6.46
sharp,pit,band:p4,C,10386,1615,2346,1307,114.5,70.9,69.2,1.74,6.05,3.69,1.13,3.93,3.93,-2.20,5.67
sharp,pub,band:p4,D/F,12593,1864,3409,2117,203.0,67.9,68.6,-0.68,-2.70,3.39,1.28,3.63,3.63,-4.31,2.95
sharp,pit,band:p4,D/F,11916,1644,3267,2044,193.3,69.6,68.6,0.92,6.39,3.46,1.34,3.73,3.73,-2.81,4.66
sharp,pub,band:p4,S/A/B,15623,1027,4176,2595,292.9,71.0,69.4,1.63,5.82,2.59,0.96,2.50,2.59,-0.95,4.22
sharp,pit,band:p4,S/A/B,14878,900,3993,2452,267.0,69.9,69.4,0.46,0.90,2.65,1.00,2.52,2.65,-2.20,3.11
sharp,pub,band:p4,no grade,4588,1344,1144,793,105.8,64.2,68.5,-4.32,-3.00,7.50,3.13,7.64,7.64,-11.96,3.31
sharp,pit,band:p4,no grade,6349,1819,1642,1085,148.2,67.4,68.4,-1.04,-0.10,6.08,2.47,6.18,6.18,-7.22,5.14
sharp,pub,band:p5,C,8901,1518,2457,1247,90.4,87.3,88.9,-1.52,-5.69,3.71,1.20,4.34,4.34,-5.85,2.82
sharp,pit,band:p5,C,8757,1437,2435,1247,89.1,87.2,88.8,-1.66,-5.16,3.56,1.47,4.23,4.23,-5.90,2.57
sharp,pub,band:p5,D/F,9325,1571,2856,1527,114.4,84.7,88.7,-4.06,-4.13,3.70,1.02,4.26,4.26,-8.32,0.20
sharp,pit,band:p5,D/F,8987,1377,2762,1470,104.8,85.9,88.9,-2.94,-3.47,3.38,1.07,3.95,3.95,-6.89,1.01
sharp,pub,band:p5,S/A/B,15520,916,4507,2421,250.4,90.1,89.2,0.95,1.49,1.58,0.81,1.82,1.82,-0.87,2.78
sharp,pit,band:p5,S/A/B,14848,789,4352,2310,241.4,89.8,89.2,0.63,0.58,1.62,1.08,1.88,1.88,-1.25,2.50
sharp,pub,band:p5,no grade,2317,819,813,585,37.2,82.9,88.1,-5.19,4.15,5.38,2.19,5.44,5.44,-10.63,0.26
sharp,pit,band:p5,no grade,3435,1273,1222,826,56.9,84.2,88.2,-3.96,4.25,4.85,1.72,4.92,4.92,-8.89,0.96
sharp,pub,cohort,C,40353,3227,5466,2453,460.9,61.7,60.9,0.79,4.50,1.31,0.63,1.56,1.56,-0.77,2.35
sharp,pit,cohort,C,38841,2946,5351,2406,426.7,61.1,61.1,0.03,0.56,1.34,0.70,1.58,1.58,-1.55,1.61
sharp,pub,cohort,D/F,49350,3476,8948,4776,763.7,58.0,59.3,-1.37,0.18,1.37,0.84,1.54,1.54,-2.91,0.17
sharp,pit,cohort,D/F,46857,3004,8597,4645,725.6,59.3,59.5,-0.18,2.66,1.37,0.94,1.55,1.55,-1.73,1.36
sharp,pub,cohort,S/A/B,54710,1746,10177,5433,971.2,65.5,64.4,1.07,2.06,0.98,0.61,1.06,1.06,0.01,2.14
sharp,pit,cohort,S/A/B,51797,1495,9694,5129,907.2,65.1,64.6,0.50,-0.37,1.00,0.91,1.09,1.09,-0.58,1.59
sharp,pub,cohort,no grade,17231,2954,2770,1514,371.5,55.0,56.0,-0.94,1.86,2.18,1.81,2.15,2.18,-3.12,1.24
sharp,pit,cohort,no grade,23633,4038,3917,2118,502.2,57.3,56.6,0.68,7.28,1.86,1.49,1.84,1.86,-1.18,2.54
sharp,pub,letter,A,10402,554,4155,2544,166.5,65.3,64.6,0.72,2.39,1.36,1.12,1.41,1.41,-0.69,2.13
sharp,pit,letter,A,9613,502,3828,2320,153.1,64.9,64.5,0.45,0.88,1.41,1.19,1.46,1.46,-1.01,1.92
sharp,pub,letter,B,16174,1430,5239,3278,389.7,60.9,59.7,1.16,2.76,1.37,1.20,1.37,1.37,-0.21,2.53
sharp,pit,letter,B,14454,1219,4851,3003,343.8,59.0,59.8,-0.80,-2.71,1.44,1.24,1.50,1.50,-2.30,0.70
sharp,pub,letter,C,40353,3227,5466,2453,460.9,61.7,60.9,0.79,4.50,1.31,0.63,1.56,1.56,-0.77,2.35
sharp,pit,letter,C,38841,2946,5351,2406,426.7,61.1,61.1,0.03,0.56,1.34,0.70,1.58,1.58,-1.55,1.61
sharp,pub,letter,D,12007,1858,2601,1183,156.3,58.8,60.6,-1.72,-2.32,3.17,1.93,3.59,3.59,-5.31,1.87
sharp,pit,letter,D,11849,1639,2466,1114,138.3,59.5,60.8,-1.30,-1.59,3.22,2.27,3.69,3.69,-4.99,2.39
sharp,pub,letter,F,37343,2287,7758,4339,607.5,57.7,58.9,-1.26,0.82,1.31,0.80,1.41,1.41,-2.67,0.16
sharp,pit,letter,F,35008,1954,7420,4173,587.3,59.3,59.1,0.19,3.66,1.27,0.85,1.37,1.37,-1.17,1.56
sharp,pub,letter,S,28134,142,5833,2947,415.0,68.2,67.1,1.15,1.27,1.40,0.81,1.60,1.60,-0.44,2.75
sharp,pit,letter,S,27730,136,5753,2931,410.3,68.3,67.1,1.20,1.12,1.41,0.71,1.60,1.60,-0.41,2.80
sharp,pub,letter,none,17231,2954,2770,1514,371.5,55.0,56.0,-0.94,1.86,2.18,1.81,2.15,2.18,-3.12,1.24
sharp,pit,letter,none,23633,4038,3917,2118,502.2,57.3,56.6,0.68,7.28,1.86,1.49,1.84,1.86,-1.18,2.54
sharp,pub,month:06,C,36994,2830,4736,1978,401.6,61.3,60.7,0.61,3.56,1.36,0.63,1.68,1.68,-1.06,2.29
sharp,pit,month:06,C,34970,2576,4499,1864,363.3,60.7,60.9,-0.25,-0.72,1.42,0.72,1.72,1.72,-1.97,1.47
sharp,pub,month:06,D/F,34580,2806,4323,1728,420.1,58.4,59.8,-1.41,-0.25,1.79,1.17,2.11,2.11,-3.52,0.71
sharp,pit,month:06,D/F,32269,2444,4090,1631,374.6,59.5,60.0,-0.50,0.29,1.81,1.29,2.15,2.15,-2.65,1.65
sharp,pub,month:06,S/A/B,30297,832,4302,1652,315.2,65.3,64.7,0.63,0.95,1.43,0.77,1.57,1.57,-0.93,2.20
sharp,pit,month:06,S/A/B,29263,724,4067,1530,307.3,65.2,64.7,0.47,0.16,1.49,0.94,1.63,1.63,-1.16,2.10
sharp,pub,month:06,no grade,14727,2454,1873,824,255.5,54.6,56.0,-1.36,2.38,2.36,1.95,2.40,2.40,-3.76,1.04
sharp,pit,month:06,no grade,19745,3323,2542,1090,344.3,56.7,56.5,0.20,7.63,2.06,1.68,2.09,2.09,-1.89,2.29
sharp,pub,month:07,C,3013,722,581,291,48.6,65.9,63.3,2.70,10.17,4.09,2.26,3.21,4.09,-1.39,6.79
sharp,pit,month:07,C,3542,800,673,346,56.1,65.8,63.1,2.74,8.83,3.50,1.90,2.77,3.50,-0.76,6.24
sharp,pub,month:07,D/F,9757,1177,2102,1254,229.1,56.7,58.5,-1.71,0.96,2.27,1.59,2.07,2.27,-3.98,0.56
sharp,pit,month:07,D/F,9754,1057,2049,1238,233.7,59.1,58.7,0.34,5.80,2.19,2.21,1.92,2.21,-1.87,2.55
sharp,pub,month:07,S/A/B,17014,1046,2728,1499,457.7,67.0,64.9,2.11,2.61,1.57,1.10,1.74,1.74,0.38,3.85
sharp,pit,month:07,S/A/B,15771,919,2655,1453,424.8,66.0,65.1,0.89,-0.72,1.56,1.37,1.70,1.70,-0.81,2.59
sharp,pub,month:07,no grade,948,322,243,129,49.2,46.5,51.1,-4.56,-23.16,7.82,8.07,7.20,8.07,-12.64,3.51
sharp,pit,month:07,no grade,1604,524,394,217,69.0,53.6,54.2,-0.54,-9.85,5.70,4.68,5.59,5.70,-6.24,5.16
sharp,pub,month:08,C,250,60,185,170,7.6,63.2,61.8,1.44,13.22,7.18,5.14,7.37,7.37,-5.94,8.81
sharp,pit,month:08,C,215,53,184,162,4.4,58.6,62.4,-3.84,-16.35,7.01,6.95,7.22,7.22,-11.05,3.38
sharp,pub,month:08,D/F,3732,311,2008,1397,87.2,57.1,57.7,-0.56,1.73,1.99,2.33,2.07,2.33,-2.89,1.77
sharp,pit,month:08,D/F,3670,279,1965,1389,92.2,58.7,57.7,1.03,5.23,2.05,2.48,2.14,2.48,-1.46,3.51
sharp,pub,month:08,S/A/B,5259,392,2398,1728,147.4,62.8,62.6,0.20,1.01,1.69,1.82,1.70,1.82,-1.63,2.02
sharp,pit,month:08,S/A/B,4917,346,2289,1644,131.1,61.9,62.6,-0.66,-2.25,1.68,1.79,1.70,1.79,-2.45,1.13
sharp,pub,month:08,no grade,888,170,410,351,40.9,63.6,58.3,5.35,32.57,6.71,5.53,7.11,7.11,-1.76,12.46
sharp,pit,month:08,no grade,1287,222,635,528,54.6,64.6,59.8,4.87,30.96,5.14,4.36,5.31,5.31,-0.44,10.18
sharp,pub,month:09,C,96,25,62,59,3.0,63.5,56.2,7.32,17.27,16.08,21.97,16.98,21.97,-14.65,29.29
sharp,pit,month:09,C,114,27,87,78,2.8,71.1,62.4,8.62,26.10,13.18,17.79,13.99,17.79,-9.17,26.41
sharp,pub,month:09,D/F,1281,179,628,456,27.4,57.1,57.3,-0.17,-4.73,3.11,3.22,3.22,3.22,-3.39,3.05
sharp,pit,month:09,D/F,1164,163,606,449,25.0,58.2,57.9,0.39,-0.70,3.53,3.18,3.66,3.66,-3.27,4.04
sharp,pub,month:09,S/A/B,2140,227,869,607,50.9,63.2,62.0,1.20,7.00,3.75,3.44,3.76,3.76,-2.55,4.96
sharp,pit,month:09,S/A/B,1846,215,805,558,43.9,63.8,63.0,0.81,4.82,3.21,2.68,3.19,3.21,-2.40,4.02
sharp,pub,month:09,no grade,668,93,264,220,25.9,64.4,59.3,5.08,-4.16,8.15,7.97,8.43,8.43,-3.34,13.51
sharp,pit,month:09,no grade,997,115,374,300,34.3,64.1,57.3,6.78,0.53,6.03,5.78,6.30,6.30,0.48,13.09
sharp,pub,mtype:child_moneyline,C,1694,287,353,193,10.5,64.4,64.0,0.43,-2.13,3.33,2.57,3.09,3.33,-2.90,3.76
sharp,pit,mtype:child_moneyline,C,1427,270,339,198,8.8,66.9,65.7,1.20,-0.91,3.33,2.54,3.05,3.33,-2.12,4.53
sharp,pub,mtype:child_moneyline,D/F,1731,289,695,426,21.3,63.1,63.6,-0.48,1.04,3.03,2.34,3.04,3.04,-3.52,2.56
sharp,pit,mtype:child_moneyline,D/F,1499,245,635,401,20.5,65.2,64.2,1.08,-0.81,3.06,2.14,3.29,3.29,-2.20,4.37
sharp,pub,mtype:child_moneyline,S/A/B,1982,201,825,529,31.9,66.8,64.9,1.82,-1.23,2.41,2.68,2.24,2.68,-0.86,4.50
sharp,pit,mtype:child_moneyline,S/A/B,1816,179,780,506,28.8,66.7,65.1,1.67,1.59,2.47,2.72,2.44,2.72,-1.05,4.38
sharp,pub,mtype:child_moneyline,no grade,1358,255,216,139,12.3,61.5,58.4,3.07,6.01,3.54,3.44,4.25,4.25,-1.18,7.31
sharp,pit,mtype:child_moneyline,no grade,1974,327,336,204,17.7,60.7,58.7,1.97,2.45,3.69,2.73,3.45,3.69,-1.72,5.66
sharp,pub,mtype:moneyline,C,24112,2384,2211,2003,294.1,62.9,62.0,0.87,5.02,1.96,0.91,2.17,2.17,-1.30,3.05
sharp,pit,mtype:moneyline,C,23134,2231,2161,1954,267.4,62.1,62.2,-0.09,-0.30,2.04,1.10,2.29,2.29,-2.38,2.19
sharp,pub,mtype:moneyline,D/F,28520,2568,4236,3957,475.8,59.5,60.2,-0.70,1.05,2.06,1.35,2.15,2.15,-2.85,1.45
sharp,pit,mtype:moneyline,D/F,26954,2215,4112,3844,444.9,60.9,60.3,0.62,3.05,2.05,1.50,2.16,2.16,-1.54,2.78
sharp,pub,mtype:moneyline,S/A/B,28820,1290,4880,4545,565.1,64.4,63.7,0.61,1.49,1.43,0.88,1.42,1.43,-0.82,2.04
sharp,pit,mtype:moneyline,S/A/B,26939,1118,4590,4266,520.4,63.8,63.9,-0.05,-1.05,1.50,1.21,1.49,1.50,-1.55,1.45
sharp,pub,mtype:moneyline,no grade,11688,2105,1492,1286,275.0,56.3,57.6,-1.29,1.48,2.74,2.27,2.84,2.84,-4.13,1.56
sharp,pit,mtype:moneyline,no grade,15739,2829,2041,1783,372.4,58.9,58.3,0.61,8.00,2.38,1.93,2.46,2.46,-1.85,3.07
sharp,pub,mtype:spreads,C,3478,564,546,307,42.7,59.4,57.1,2.29,6.20,2.65,2.24,2.95,2.95,-0.65,5.24
sharp,pit,mtype:spreads,C,3374,519,527,288,39.2,58.3,56.9,1.46,-1.04,2.57,2.52,2.73,2.73,-1.27,4.19
sharp,pub,mtype:spreads,D/F,4056,576,670,439,54.3,55.0,56.0,-1.04,0.14,3.36,2.60,3.29,3.36,-4.40,2.33
sharp,pit,mtype:spreads,D/F,3940,535,651,418,54.0,55.0,56.3,-1.28,0.04,3.24,2.24,3.34,3.34,-4.62,2.07
sharp,pub,mtype:spreads,S/A/B,5316,290,746,432,64.3,68.3,66.1,2.13,11.09,3.83,1.12,4.24,4.24,-2.11,6.37
sharp,pit,mtype:spreads,S/A/B,5177,261,723,421,60.4,68.2,66.3,1.87,8.63,3.89,1.34,4.29,4.29,-2.42,6.16
sharp,pub,mtype:spreads,no grade,989,293,238,159,27.0,48.8,52.9,-4.10,-3.83,5.80,7.58,5.59,7.58,-11.68,3.48
sharp,pit,mtype:spreads,no grade,1348,423,343,227,34.7,55.2,54.1,1.08,11.49,4.91,6.20,4.98,6.20,-5.12,7.28
sharp,pub,mtype:totals,C,6442,746,1113,479,64.4,59.0,60.0,-0.98,-2.78,1.98,1.96,2.05,2.05,-3.03,1.07
sharp,pit,mtype:totals,C,6328,720,1087,461,61.8,58.8,60.1,-1.31,-1.63,1.92,2.23,2.05,2.23,-3.54,0.92
sharp,pub,mtype:totals,D/F,8035,869,1704,1004,114.4,54.9,58.5,-3.59,-2.52,2.01,1.54,2.06,2.06,-5.65,-1.53
sharp,pit,mtype:totals,D/F,7782,801,1659,976,109.2,55.5,58.5,-3.02,-1.12,2.08,1.52,2.06,2.08,-5.11,-0.94
sharp,pub,mtype:totals,S/A/B,8478,409,1662,992,136.0,62.0,61.6,0.37,-3.83,1.96,1.30,2.01,2.01,-1.64,2.38
sharp,pit,mtype:totals,S/A/B,8228,354,1605,952,135.0,61.7,61.8,-0.08,-4.96,2.00,1.52,2.03,2.03,-2.11,1.95
sharp,pub,mtype:totals,no grade,1411,363,479,285,26.0,55.4,55.4,-0.10,22.30,3.53,4.29,3.41,4.29,-4.39,4.19
sharp,pit,mtype:totals,no grade,2027,551,675,376,34.8,56.0,55.9,0.16,13.95,2.70,3.26,2.63,3.26,-3.10,3.42
sharp,pub,phase:live,C,17427,1746,3446,1796,137.3,66.5,65.2,1.34,4.85,1.22,0.97,1.36,1.36,-0.02,2.69
sharp,pit,phase:live,C,16775,1647,3414,1786,131.0,66.0,65.4,0.62,1.85,1.24,1.17,1.39,1.39,-0.76,2.01
sharp,pub,phase:live,D/F,17925,1918,5049,3095,216.3,60.7,63.3,-2.64,-6.06,1.30,0.80,1.34,1.34,-3.98,-1.30
sharp,pit,phase:live,D/F,17072,1679,4825,2974,213.6,62.2,63.5,-1.23,-2.29,1.33,0.84,1.33,1.33,-2.57,0.10
sharp,pub,phase:live,S/A/B,27430,1035,6512,3959,408.8,68.2,66.7,1.48,2.64,1.26,0.66,1.53,1.53,-0.05,3.01
sharp,pit,phase:live,S/A/B,25973,877,6225,3763,385.7,68.1,66.9,1.22,2.27,1.31,0.74,1.61,1.61,-0.39,2.83
sharp,pub,phase:live,no grade,6420,1292,1536,980,70.5,61.0,62.2,-1.29,3.97,2.24,1.92,2.37,2.37,-3.65,1.08
sharp,pit,phase:live,no grade,9208,1830,2256,1389,100.6,62.0,62.4,-0.39,2.81,1.89,1.49,1.93,1.93,-2.32,1.54
sharp,pub,phase:pre,C,21562,2224,3575,1571,307.4,58.1,58.1,0.06,3.38,1.85,1.09,2.36,2.36,-2.30,2.41
sharp,pit,phase:pre,C,20829,2073,3488,1515,279.9,57.5,58.2,-0.78,-1.49,1.89,1.31,2.34,2.34,-3.13,1.56
sharp,pub,phase:pre,D/F,29617,2427,6053,3283,524.7,56.9,57.6,-0.68,2.94,1.79,1.35,2.17,2.17,-2.86,1.49
sharp,pit,phase:pre,D/F,28157,2114,5805,3176,491.4,58.1,57.8,0.37,4.87,1.77,1.51,2.17,2.17,-1.80,2.54
sharp,pub,phase:pre,S/A/B,25918,1165,6121,3151,537.0,62.7,62.3,0.42,0.93,1.27,0.93,1.32,1.32,-0.90,1.74
sharp,pit,phase:pre,S/A/B,24550,1023,5845,2966,497.4,62.0,62.5,-0.48,-3.15,1.30,1.30,1.32,1.32,-1.80,0.84
sharp,pub,phase:pre,no grade,9634,1836,1727,948,284.8,53.0,53.8,-0.83,1.22,2.75,2.76,3.04,3.04,-3.88,2.21
sharp,pit,phase:pre,no grade,12886,2473,2404,1321,381.6,55.9,54.5,1.37,8.87,2.37,2.37,2.67,2.67,-1.30,4.05
sharp,pub,sport:Baseball,C,4418,274,1109,433,38.5,55.6,54.6,0.99,3.89,1.96,2.98,1.96,2.98,-1.99,3.97
sharp,pit,sport:Baseball,C,4258,255,1055,405,36.8,55.5,54.6,0.95,5.67,2.20,3.55,2.20,3.55,-2.60,4.51
sharp,pub,sport:Baseball,D/F,6506,356,2067,1111,106.4,52.0,53.5,-1.52,-4.06,1.60,1.79,1.67,1.79,-3.31,0.27
sharp,pit,sport:Baseball,D/F,6111,312,2015,1094,102.2,52.0,53.4,-1.36,-2.69,1.62,1.66,1.68,1.68,-3.04,0.32
sharp,pub,sport:Baseball,S/A/B,4724,229,1961,1095,103.6,55.5,56.8,-1.26,-3.76,2.00,2.12,2.00,2.12,-3.38,0.86
sharp,pit,sport:Baseball,S/A/B,4458,210,1883,1070,99.9,54.9,56.9,-1.95,-5.68,2.07,2.45,2.07,2.45,-4.40,0.49
sharp,pub,sport:Baseball,no grade,2663,332,452,240,29.9,51.9,56.1,-4.14,-3.67,3.66,2.90,3.78,3.78,-7.92,-0.36
sharp,pit,sport:Baseball,no grade,3484,404,647,359,39.4,53.1,55.8,-2.73,-3.77,3.02,2.35,3.14,3.14,-5.87,0.41
sharp,pub,sport:Basketball,C,1,1,1,1,0.0,100.0,96.0,3.99,4.16,0.00,0.00,0.00,0.00,3.99,3.99
sharp,pit,sport:Basketball,C,1,1,1,1,0.0,100.0,96.0,3.99,4.16,0.00,0.00,0.00,0.00,3.99,3.99
sharp,pub,sport:Basketball,D/F,2,2,2,2,0.0,100.0,77.9,22.09,34.17,32.85,32.85,32.85,32.85,-10.76,54.95
sharp,pit,sport:Basketball,D/F,2,2,2,2,0.0,100.0,77.9,22.09,34.17,32.85,32.85,32.85,32.85,-10.76,54.95
sharp,pub,sport:Basketball,S/A/B,2,2,2,2,0.0,50.0,75.4,-25.44,-52.90,67.49,67.49,67.49,67.49,-92.93,42.06
sharp,pit,sport:Basketball,S/A/B,1,1,1,1,0.0,100.0,91.0,9.00,9.89,0.00,0.00,0.00,0.00,9.00,9.00
sharp,pub,sport:Basketball,no grade,13,9,9,9,0.1,69.2,67.0,2.21,0.18,22.88,16.11,22.88,22.88,-20.67,25.08
sharp,pit,sport:Basketball,no grade,14,9,10,10,0.1,64.3,66.5,-2.23,-5.82,22.92,16.49,22.92,22.92,-25.15,20.69
sharp,pub,sport:Boxing,C,2,2,1,1,0.0,0.0,39.0,-39.00,-100.00,0.00,0.00,0.00,0.00,-39.00,-39.00
sharp,pub,sport:Boxing,D/F,1,1,1,1,0.0,100.0,94.0,6.00,6.38,0.00,0.00,0.00,0.00,6.00,6.00
sharp,pit,sport:Boxing,D/F,1,1,1,1,0.0,100.0,94.0,6.00,6.38,0.00,0.00,0.00,0.00,6.00,6.00
sharp,pub,sport:CFL,C,3,1,2,2,0.0,100.0,54.6,45.42,83.92,2.30,0.00,2.30,2.30,43.12,47.72
sharp,pit,sport:CFL,C,3,1,2,2,0.0,100.0,54.6,45.42,83.92,2.30,0.00,2.30,2.30,43.12,47.72
sharp,pub,sport:Cricket,C,84,23,34,34,0.5,72.6,81.0,-8.35,-14.93,15.42,7.16,15.42,15.42,-23.78,7.07
sharp,pit,sport:Cricket,C,85,25,31,31,0.5,70.6,82.0,-11.39,-18.56,18.08,7.24,18.08,18.08,-29.48,6.69
sharp,pub,sport:Cricket,D/F,134,36,54,54,1.2,79.1,82.0,-2.89,5.19,15.35,6.80,15.35,15.35,-18.24,12.46
sharp,pit,sport:Cricket,D/F,122,31,49,49,1.0,81.1,82.0,-0.82,8.19,16.30,6.15,16.30,16.30,-17.12,15.48
sharp,pub,sport:Cricket,S/A/B,115,26,53,53,1.3,80.9,74.0,6.82,13.94,9.65,8.99,9.65,9.65,-2.83,16.47
sharp,pit,sport:Cricket,S/A/B,116,25,52,52,1.4,81.0,74.1,6.96,12.25,9.72,9.12,9.72,9.72,-2.77,16.68
sharp,pub,sport:Cricket,no grade,37,16,11,11,0.2,56.8,73.2,-16.45,-25.60,14.81,14.34,14.81,14.81,-31.26,-1.64
sharp,pit,sport:Cricket,no grade,45,21,17,17,0.3,62.2,74.2,-11.99,-10.83,13.54,13.14,13.54,13.54,-25.52,1.55
sharp,pub,sport:Esports,C,4345,604,731,351,33.0,62.6,61.5,1.06,2.34,2.36,1.62,2.46,2.46,-1.40,3.53
sharp,pit,sport:Esports,C,3866,557,695,337,28.9,63.1,62.0,1.10,1.32,2.54,1.65,2.55,2.55,-1.45,3.64
sharp,pub,sport:Esports,D/F,5041,653,1530,769,68.5,59.2,61.0,-1.74,-1.40,1.93,1.68,2.01,2.01,-3.75,0.28
sharp,pit,sport:Esports,D/F,4398,535,1396,716,67.4,61.6,61.4,0.17,2.09,1.96,1.71,2.14,2.14,-1.96,2.31
sharp,pub,sport:Esports,S/A/B,5226,395,1749,917,105.0,62.8,61.6,1.23,5.07,1.63,1.75,1.65,1.75,-0.52,2.98
sharp,pit,sport:Esports,S/A/B,4689,345,1647,868,92.9,62.0,61.7,0.26,3.73,1.67,2.07,1.76,2.07,-1.81,2.33
sharp,pub,sport:Esports,no grade,3781,607,553,359,37.6,60.2,57.8,2.40,5.24,2.47,2.24,3.05,3.05,-0.65,5.45
sharp,pit,sport:Esports,no grade,5311,796,827,485,53.9,60.4,58.2,2.29,5.48,2.21,1.69,2.52,2.52,-0.23,4.80
sharp,pub,sport:Formula 1,C,9,7,4,3,0.1,77.8,77.8,-0.04,0.78,27.89,19.98,28.49,28.49,-28.53,28.45
sharp,pit,sport:Formula 1,C,2,2,2,1,0.0,50.0,62.5,-12.49,-36.13,48.03,48.03,0.00,48.03,-60.52,35.54
sharp,pub,sport:Formula 1,D/F,5,5,5,5,0.1,80.0,84.9,-4.90,-2.17,24.29,24.29,24.29,24.29,-29.19,19.39
sharp,pit,sport:Formula 1,D/F,3,3,3,3,0.1,100.0,92.9,7.08,5.35,5.87,5.87,5.87,5.87,1.21,12.96
sharp,pub,sport:Formula 1,S/A/B,7,6,4,4,0.0,42.9,66.8,-23.93,-9.07,53.23,37.01,53.23,53.23,-77.16,29.30
sharp,pit,sport:Formula 1,S/A/B,3,3,3,3,0.0,100.0,76.9,23.14,24.48,18.28,18.28,18.28,18.28,4.86,41.42
sharp,pub,sport:Formula 1,no grade,5,3,5,3,0.0,80.0,76.8,3.22,11.68,43.71,15.09,38.70,43.71,-40.49,46.93
sharp,pit,sport:Formula 1,no grade,12,8,5,3,0.1,91.7,82.6,9.08,13.34,13.64,8.10,12.04,13.64,-4.56,22.72
sharp,pub,sport:Golf,C,12,9,7,4,0.1,75.0,80.0,-5.04,4.55,46.11,35.11,52.63,52.63,-57.67,47.58
sharp,pit,sport:Golf,C,10,9,4,3,0.1,70.0,75.0,-5.04,12.03,68.48,41.90,74.40,74.40,-79.44,69.36
sharp,pub,sport:Golf,D/F,6,6,4,1,0.0,100.0,82.1,17.88,33.24,16.32,18.79,0.00,18.79,-0.92,36.67
sharp,pit,sport:Golf,D/F,4,4,4,1,0.0,100.0,90.2,9.78,11.87,8.68,8.68,0.00,8.68,1.11,18.46
sharp,pub,sport:Golf,S/A/B,40,13,13,5,0.2,75.0,82.6,-7.59,-11.08,15.37,7.94,17.94,17.94,-25.53,10.36
sharp,pit,sport:Golf,S/A/B,42,14,13,5,0.2,76.2,83.2,-6.99,-10.44,15.08,7.60,17.32,17.32,-24.30,10.33
sharp,pub,sport:Golf,no grade,6,5,4,2,0.0,100.0,71.0,29.01,57.85,26.27,22.58,38.70,38.70,-9.69,67.71
sharp,pit,sport:Golf,no grade,8,6,6,2,0.0,100.0,72.2,27.76,52.60,20.01,17.39,30.87,30.87,-3.11,58.63
sharp,pub,sport:Hockey,C,123,57,17,6,1.5,60.2,57.5,2.62,0.87,9.59,10.31,10.45,10.45,-7.83,13.08
sharp,pit,sport:Hockey,C,89,48,14,4,1.5,65.2,57.3,7.83,26.08,11.34,14.35,11.64,14.35,-6.52,22.18
sharp,pub,sport:Hockey,D/F,90,41,17,6,1.2,64.4,54.0,10.41,47.24,13.34,8.68,20.67,20.67,-10.27,31.08
sharp,pit,sport:Hockey,D/F,77,34,15,5,0.7,64.9,53.6,11.33,27.17,13.07,7.61,18.04,18.04,-6.71,29.37
sharp,pub,sport:Hockey,S/A/B,54,26,17,7,0.4,61.1,61.0,0.11,3.17,14.03,13.39,13.59,14.03,-13.92,14.14
sharp,pit,sport:Hockey,S/A/B,52,20,14,6,0.4,59.6,61.7,-2.10,3.35,9.70,14.43,10.14,14.43,-16.53,12.34
sharp,pub,sport:Hockey,no grade,252,116,20,5,3.1,56.0,53.2,2.78,-4.01,4.37,7.23,3.02,7.23,-4.45,10.01
sharp,pit,sport:Hockey,no grade,301,136,23,8,3.6,55.5,53.8,1.68,-3.40,3.69,6.52,2.29,6.52,-4.84,8.20
sharp,pub,sport:MMA,C,404,153,53,35,4.8,50.2,58.0,-7.75,-8.70,14.68,6.41,13.88,14.68,-22.43,6.93
sharp,pit,sport:MMA,C,326,131,52,36,3.7,51.5,57.6,-6.04,-9.21,16.34,8.12,16.26,16.34,-22.38,10.30
sharp,pub,sport:MMA,D/F,792,169,132,108,15.5,55.9,57.1,-1.12,7.30,8.47,4.28,8.78,8.78,-9.89,7.66
sharp,pit,sport:MMA,D/F,742,157,126,100,15.6,55.8,57.3,-1.49,7.51,8.73,3.76,8.93,8.93,-10.42,7.44
sharp,pub,sport:MMA,S/A/B,531,160,135,114,13.2,62.3,60.2,2.10,0.48,8.38,4.80,9.02,9.02,-6.92,11.11
sharp,pit,sport:MMA,S/A/B,522,150,127,107,12.6,61.5,59.6,1.89,-0.49,10.17,5.02,10.55,10.55,-8.66,12.44
sharp,pub,sport:MMA,no grade,208,98,33,29,4.1,54.8,56.9,-2.07,6.45,11.48,7.94,11.57,11.57,-13.64,9.50
sharp,pit,sport:MMA,no grade,340,139,40,35,5.5,55.3,58.3,-3.01,6.70,11.24,7.37,11.31,11.31,-14.32,8.30
sharp,pub,sport:NBA,C,909,271,70,10,9.7,53.4,55.9,-2.54,16.66,7.56,4.89,6.73,7.56,-10.10,5.01
sharp,pit,sport:NBA,C,846,251,70,8,9.7,53.5,56.0,-2.49,17.98,9.16,6.49,8.53,9.16,-11.65,6.67
sharp,pub,sport:NBA,D/F,697,198,61,8,10.2,57.4,58.5,-1.09,5.96,7.38,7.90,10.05,10.05,-11.14,8.96
sharp,pit,sport:NBA,D/F,696,204,61,8,9.8,57.3,58.1,-0.79,3.04,5.56,6.64,7.63,7.63,-8.42,6.84
sharp,pub,sport:NBA,S/A/B,400,111,61,10,5.8,52.8,57.9,-5.15,-8.74,11.68,7.64,7.54,11.68,-16.83,6.53
sharp,pit,sport:NBA,S/A/B,364,109,56,9,5.1,53.8,58.8,-4.92,-7.36,12.82,8.35,9.97,12.82,-17.74,7.90
sharp,pub,sport:NBA,no grade,1550,530,75,10,20.9,47.0,54.6,-7.61,9.59,9.83,4.94,7.71,9.83,-17.44,2.22
sharp,pit,sport:NBA,no grade,1647,577,80,10,22.0,47.2,54.7,-7.49,9.41,9.56,4.81,7.62,9.56,-17.05,2.07
sharp,pub,sport:NBA Summer League,D/F,8,3,4,4,0.3,62.5,66.4,-3.90,-42.30,41.66,45.35,41.66,45.35,-49.25,41.45
sharp,pit,sport:NBA Summer League,D/F,10,4,3,3,0.4,70.0,68.3,1.68,-43.55,26.00,43.19,26.00,43.19,-41.51,44.87
sharp,pub,sport:NBA Summer League,S/A/B,41,12,13,13,1.1,41.5,62.3,-20.88,-29.78,34.79,28.25,34.79,34.79,-55.66,13.91
sharp,pit,sport:NBA Summer League,S/A/B,38,10,13,13,1.1,39.5,61.7,-22.21,-27.84,31.52,30.43,31.52,31.52,-53.73,9.31
sharp,pit,sport:NBA Summer League,no grade,1,1,1,1,0.0,0.0,60.0,-60.00,-100.00,0.00,0.00,0.00,0.00,-60.00,-60.00
sharp,pit,sport:NCAAF,C,1,1,1,1,0.0,0.0,83.6,-83.63,-100.00,0.00,0.00,0.00,0.00,-83.63,-83.63
sharp,pub,sport:NCAAF,D/F,47,17,23,18,1.1,44.7,56.4,-11.74,-37.74,17.28,24.12,18.78,24.12,-35.87,12.38
sharp,pit,sport:NCAAF,D/F,46,16,22,17,1.0,45.7,55.8,-10.18,-36.74,17.41,25.04,19.05,25.04,-35.23,14.86
sharp,pub,sport:NCAAF,S/A/B,77,18,39,25,1.6,72.7,61.9,10.81,22.11,10.74,10.77,12.07,12.07,-1.26,22.87
sharp,pit,sport:NCAAF,S/A/B,70,17,39,25,1.5,70.0,62.0,8.00,18.30,10.59,10.12,12.44,12.44,-4.44,20.45
sharp,pub,sport:NCAAF,no grade,5,4,5,5,0.1,80.0,50.3,29.65,52.88,43.46,45.53,43.46,45.53,-15.88,75.18
sharp,pit,sport:NCAAF,no grade,12,4,6,5,0.2,91.7,56.7,34.99,58.34,20.33,21.20,20.57,21.20,13.79,56.19
sharp,pub,sport:NFL,C,6,4,4,3,0.2,66.7,61.6,5.05,19.02,49.00,57.95,61.47,61.47,-56.42,66.52
sharp,pit,sport:NFL,C,5,3,4,3,0.2,100.0,67.9,32.06,37.66,21.20,26.17,26.17,26.17,5.90,58.23
sharp,pub,sport:NFL,D/F,98,26,38,29,1.9,55.1,54.5,0.64,-8.49,13.07,10.76,14.00,14.00,-13.36,14.64
sharp,pit,sport:NFL,D/F,91,21,35,27,1.8,56.0,53.4,2.60,-6.13,13.48,9.85,14.85,14.85,-12.25,17.46
sharp,pub,sport:NFL,S/A/B,89,23,35,27,3.0,56.2,57.4,-1.19,-15.21,12.36,12.09,10.68,12.36,-13.55,11.17
sharp,pit,sport:NFL,S/A/B,92,26,35,27,3.1,55.4,57.6,-2.16,-16.08,11.90,11.93,10.86,11.93,-14.09,9.77
sharp,pub,sport:NFL,no grade,30,16,9,5,0.3,13.3,87.6,-74.28,-69.58,26.11,21.95,33.15,33.15,-107.43,-41.13
sharp,pit,sport:NFL,no grade,9,8,6,4,0.2,55.6,59.1,-3.57,-49.79,38.59,39.99,33.61,39.99,-43.56,36.43
sharp,pub,sport:Soccer,C,25601,2485,2303,520,340.1,62.3,61.4,0.91,4.96,1.93,0.80,2.35,2.35,-1.44,3.26
sharp,pit,sport:Soccer,C,25060,2324,2311,538,315.5,61.4,61.6,-0.22,-0.55,1.93,0.77,2.33,2.33,-2.55,2.12
sharp,pub,sport:Soccer,D/F,31108,2746,3116,895,484.3,59.2,60.2,-0.96,1.57,2.08,1.19,2.36,2.36,-3.31,1.40
sharp,pit,sport:Soccer,D/F,30058,2417,3031,888,462.9,60.7,60.5,0.24,4.03,2.05,1.33,2.33,2.33,-2.08,2.57
sharp,pub,sport:Soccer,S/A/B,36963,1290,3900,1053,622.5,66.8,65.3,1.59,2.87,1.35,0.58,1.47,1.47,0.12,3.07
sharp,pit,sport:Soccer,S/A/B,35522,1112,3772,982,583.5,66.3,65.3,0.98,0.08,1.37,0.85,1.49,1.49,-0.51,2.47
sharp,pub,sport:Soccer,no grade,5686,1478,1053,386,229.5,52.3,51.4,0.93,1.63,4.65,4.40,4.29,4.65,-3.72,5.57
sharp,pit,sport:Soccer,no grade,8718,2302,1513,539,314.5,55.7,53.3,2.40,9.12,3.85,3.31,3.63,3.85,-1.45,6.25
sharp,pub,sport:Sports,D/F,4,3,3,3,0.1,100.0,88.4,11.59,12.08,6.10,6.10,6.10,6.10,5.49,17.69
sharp,pit,sport:Sports,D/F,3,2,2,2,0.1,100.0,91.0,9.03,11.43,5.27,5.27,5.27,5.27,3.76,14.30
sharp,pub,sport:Sports,S/A/B,1,1,1,1,0.0,100.0,85.6,14.36,16.76,0.00,0.00,0.00,0.00,14.36,14.36
sharp,pit,sport:Sports,S/A/B,1,1,1,1,0.0,100.0,85.6,14.36,16.76,0.00,0.00,0.00,0.00,14.36,14.36
sharp,pub,sport:Sports,no grade,2,2,2,1,0.0,100.0,85.4,14.63,14.59,10.85,10.85,0.00,10.85,3.79,25.48
sharp,pit,sport:Sports,no grade,3,3,2,1,0.0,100.0,83.8,16.17,16.64,9.25,6.95,0.00,9.25,6.93,25.42
sharp,pub,sport:Tennis,C,4166,306,1008,985,29.7,65.7,64.8,0.93,1.67,1.95,2.30,1.95,2.30,-1.37,3.23
sharp,pit,sport:Tennis,C,4050,279,1000,978,27.3,64.9,64.8,0.16,-0.93,1.97,2.66,1.97,2.66,-2.49,2.82
sharp,pub,sport:Tennis,D/F,4394,449,1675,1624,68.0,56.7,60.2,-3.56,-3.67,1.99,1.63,2.02,2.02,-5.58,-1.54
sharp,pit,sport:Tennis,D/F,4123,388,1634,1597,58.3,58.7,60.0,-1.29,2.04,1.93,2.00,1.93,2.00,-3.29,0.71
sharp,pub,sport:Tennis,S/A/B,6174,317,2044,1999,108.9,68.4,68.5,-0.13,0.80,1.89,1.45,1.89,1.89,-2.02,1.77
sharp,pit,sport:Tennis,S/A/B,5548,264,1884,1849,100.8,69.3,69.4,-0.16,-1.29,1.91,1.57,1.91,1.91,-2.07,1.76
sharp,pub,sport:Tennis,no grade,2754,482,461,409,43.4,61.2,63.1,-1.87,0.96,4.20,3.29,4.42,4.42,-6.29,2.55
sharp,pit,sport:Tennis,no grade,3424,564,635,587,59.2,65.4,63.8,1.56,6.84,3.02,2.85,3.02,3.02,-1.46,4.59
sharp,pub,sport:WNBA,C,270,79,122,65,2.7,67.0,61.4,5.64,-2.28,6.35,7.69,5.82,7.69,-2.05,13.32
sharp,pit,sport:WNBA,C,239,70,109,58,2.4,69.5,62.4,7.05,5.45,5.63,5.98,5.47,5.98,1.06,13.03
sharp,pub,sport:WNBA,D/F,417,95,216,138,4.9,52.3,57.3,-5.03,-3.34,5.54,6.12,5.76,6.12,-11.15,1.09
sharp,pit,sport:WNBA,D/F,370,90,198,132,4.2,51.6,57.2,-5.54,-8.02,5.59,8.91,5.89,8.91,-14.45,3.37
sharp,pub,sport:WNBA,S/A/B,266,57,150,108,4.4,65.8,62.1,3.64,12.33,8.11,6.81,9.01,9.01,-5.37,12.66
sharp,pit,sport:WNBA,S/A/B,279,58,154,111,4.6,63.1,61.7,1.40,9.34,8.41,7.98,9.47,9.47,-8.08,10.87
sharp,pub,sport:WNBA,no grade,239,76,78,40,2.2,54.4,56.2,-1.84,-3.36,5.75,9.02,5.90,9.02,-10.86,7.18
sharp,pit,sport:WNBA,no grade,304,85,99,52,3.0,56.3,56.5,-0.22,0.44,5.65,8.12,5.65,8.12,-8.34,7.90
sharp,pub,tenk,C,9646,1202,2248,1176,301.8,61.4,60.1,1.29,6.01,2.07,1.27,2.41,2.41,-1.12,3.70
sharp,pit,tenk,C,9298,1143,2244,1166,274.0,60.8,60.6,0.20,1.10,2.02,1.41,2.33,2.33,-2.13,2.53
sharp,pub,tenk,D/F,21035,1593,6110,3749,614.4,56.2,58.0,-1.73,0.62,1.37,1.07,1.39,1.39,-3.12,-0.34
sharp,pit,tenk,D/F,20278,1441,5923,3668,585.2,57.7,58.1,-0.38,3.10,1.30,1.25,1.33,1.33,-1.71,0.94
sharp,pub,tenk,S/A/B,29015,1240,7435,4374,840.4,65.2,64.1,1.12,2.02,1.10,0.93,1.22,1.22,-0.10,2.34
sharp,pit,tenk,S/A/B,27448,1150,7122,4137,783.4,64.6,64.4,0.24,-0.78,1.09,1.14,1.19,1.19,-0.95,1.43
sharp,pub,tenk,no grade,6584,1246,1644,1092,315.8,56.2,54.8,1.36,2.57,3.31,3.57,3.58,3.58,-2.22,4.93
sharp,pit,tenk,no grade,9029,1593,2306,1513,425.4,58.6,55.4,3.11,8.55,2.78,2.73,3.02,3.02,0.08,6.13
sharp_ext,pub,cohort,C,40686,3295,5693,2650,472.4,61.7,60.9,0.78,4.63,1.30,0.63,1.55,1.55,-0.76,2.33
sharp_ext,pit,cohort,C,39145,3012,5582,2608,435.3,61.2,61.1,0.03,0.37,1.33,0.70,1.57,1.57,-1.54,1.59
sharp_ext,pub,cohort,D/F,53514,3598,10720,5916,871.4,57.8,59.2,-1.38,-0.24,1.27,0.79,1.43,1.43,-2.82,0.05
sharp_ext,pit,cohort,D/F,50901,3122,10337,5768,825.8,59.1,59.4,-0.23,1.84,1.27,0.88,1.43,1.43,-1.67,1.20
sharp_ext,pub,cohort,S/A/B,59046,1844,12009,6634,1085.5,65.4,64.2,1.20,2.26,0.91,0.54,0.99,0.99,0.20,2.19
sharp_ext,pit,cohort,S/A/B,56092,1606,11516,6315,1018.7,65.0,64.3,0.64,-0.05,0.94,0.78,1.01,1.01,-0.37,1.65
sharp_ext,pub,cohort,no grade,18040,3049,3168,1832,406.4,55.0,56.0,-0.94,1.30,2.10,1.73,2.07,2.10,-3.04,1.16
sharp_ext,pit,cohort,no grade,24598,4156,4387,2496,549.4,57.2,56.6,0.65,7.26,1.80,1.44,1.78,1.80,-1.15,2.45
sharp_ext,pub,letter,A,11655,608,4864,3091,196.9,65.3,64.2,1.14,3.11,1.26,1.04,1.30,1.30,-0.17,2.44
sharp_ext,pit,letter,A,10882,564,4545,2871,183.3,64.9,64.1,0.79,1.52,1.29,1.13,1.34,1.34,-0.56,2.13
sharp_ext,pub,letter,B,17345,1522,5867,3753,421.6,61.1,59.9,1.14,2.64,1.30,1.12,1.30,1.30,-0.15,2.44
sharp_ext,pit,letter,B,15576,1317,5468,3475,372.9,59.3,60.0,-0.74,-2.66,1.36,1.17,1.42,1.42,-2.15,0.68
sharp_ext,pub,letter,C,40686,3295,5693,2650,472.4,61.7,60.9,0.78,4.63,1.30,0.63,1.55,1.55,-0.76,2.33
sharp_ext,pit,letter,C,39145,3012,5582,2608,435.3,61.2,61.1,0.03,0.37,1.33,0.70,1.57,1.57,-1.54,1.59
sharp_ext,pub,letter,D,12260,1901,2781,1332,162.4,58.7,60.6,-1.82,-3.36,3.11,1.90,3.52,3.52,-5.34,1.70
sharp_ext,pit,letter,D,12056,1677,2628,1246,144.2,59.5,60.9,-1.33,-2.54,3.17,2.24,3.63,3.63,-4.96,2.30
sharp_ext,pub,letter,F,41254,2395,9474,5445,709.0,57.5,58.8,-1.25,0.48,1.20,0.75,1.30,1.30,-2.55,0.04
sharp_ext,pit,letter,F,38845,2067,9103,5261,681.6,59.0,58.9,0.11,2.77,1.17,0.79,1.25,1.25,-1.14,1.36
sharp_ext,pub,letter,S,30046,163,6885,3691,467.0,67.9,66.7,1.25,1.56,1.32,0.69,1.50,1.50,-0.25,2.75
sharp_ext,pit,letter,S,29634,158,6798,3658,462.6,68.0,66.7,1.31,1.42,1.33,0.58,1.51,1.51,-0.20,2.81
sharp_ext,pub,letter,none,18040,3049,3168,1832,406.4,55.0,56.0,-0.94,1.30,2.10,1.73,2.07,2.10,-3.04,1.16
sharp_ext,pit,letter,none,24598,4156,4387,2496,549.4,57.2,56.6,0.65,7.26,1.80,1.44,1.78,1.80,-1.15,2.45
spreads,pub,side:lay,C,1638,376,338,225,22.3,54.8,49.6,5.25,15.07,9.85,3.37,11.70,11.70,-6.45,16.96
spreads,pit,side:lay,C,1584,368,323,210,19.0,54.1,49.5,4.63,10.66,9.83,4.13,11.28,11.28,-6.64,15.91
spreads,pub,side:lay,D/F,2017,400,443,339,26.4,54.0,50.0,4.03,8.63,9.79,3.77,10.83,10.83,-6.80,14.85
spreads,pit,side:lay,D/F,1939,364,429,323,26.5,53.4,49.9,3.54,7.93,9.71,3.53,10.96,10.96,-7.42,14.50
spreads,pub,side:lay,S/A/B,1432,197,326,249,19.0,60.7,56.6,4.04,4.43,8.50,4.06,9.54,9.54,-5.50,13.58
spreads,pit,side:lay,S/A/B,1377,179,314,242,18.1,59.5,56.8,2.67,-5.76,8.54,5.01,9.85,9.85,-7.17,12.52
spreads,pub,side:lay,no grade,498,184,170,119,9.2,31.5,48.6,-17.10,1.49,11.54,9.81,16.81,16.81,-33.91,-0.29
spreads,pit,side:lay,no grade,685,257,229,162,13.3,43.9,49.6,-5.66,26.63,10.69,7.89,16.25,16.25,-21.91,10.59
spreads,pub,side:take,C,1842,339,439,243,20.4,63.4,63.8,-0.41,-3.84,7.64,3.35,8.71,8.71,-9.13,8.30
spreads,pit,side:take,C,1792,310,435,234,20.3,62.0,63.4,-1.42,-12.28,7.60,3.23,8.59,8.59,-10.01,7.17
spreads,pub,side:take,D/F,2076,358,463,284,28.7,55.7,61.9,-6.18,-8.45,8.43,2.83,9.35,9.35,-15.53,3.17
spreads,pit,side:take,D/F,2041,340,457,274,28.3,56.1,62.2,-6.14,-8.31,8.51,2.54,9.45,9.45,-15.60,3.31
spreads,pub,side:take,S/A/B,3921,191,611,319,46.1,70.8,69.6,1.25,13.44,6.48,1.09,7.52,7.52,-6.27,8.77
spreads,pit,side:take,S/A/B,3834,170,595,311,43.0,71.2,69.7,1.46,14.44,6.50,1.19,7.58,7.58,-6.13,9.04
spreads,pub,side:take,no grade,495,164,165,114,17.9,66.1,57.2,8.86,-7.02,13.86,13.49,18.40,18.40,-9.53,27.26
spreads,pit,side:take,no grade,667,242,240,168,21.6,66.6,58.8,7.80,1.64,11.58,10.37,14.89,14.89,-7.10,22.69
timing,pub,bucket:t1,C,54,37,26,23,0.6,57.4,53.4,4.00,5.69,10.05,10.85,10.39,10.85,-6.85,14.84
timing,pit,bucket:t1,C,44,29,21,18,0.4,59.1,52.2,6.85,-1.52,11.94,12.15,11.97,12.15,-5.30,19.00
timing,pub,bucket:t1,D/F,73,42,31,27,0.6,63.0,61.5,1.52,-4.87,15.90,16.09,17.15,17.15,-15.62,18.67
timing,pit,bucket:t1,D/F,63,35,27,24,0.5,66.7,62.7,3.95,-3.83,18.10,16.81,19.53,19.53,-15.59,23.48
timing,pub,bucket:t1,S/A/B,23,13,16,15,0.2,60.9,64.1,-3.23,11.80,25.69,22.25,25.51,25.69,-28.92,22.46
timing,pit,bucket:t1,S/A/B,23,14,16,15,0.2,65.2,62.4,2.81,45.39,23.88,21.69,23.80,23.88,-21.07,26.69
timing,pub,bucket:t1,no grade,66,48,25,22,0.6,51.5,55.0,-3.50,6.73,11.99,14.46,11.36,14.46,-17.96,10.95
timing,pit,bucket:t1,no grade,82,59,32,28,0.7,51.2,56.0,-4.80,0.09,11.28,13.06,10.96,13.06,-17.85,8.26
timing,pub,bucket:t2,C,1319,369,409,182,13.2,57.5,60.2,-2.68,-2.66,5.08,3.59,5.37,5.37,-8.04,2.69
timing,pit,bucket:t2,C,1231,335,385,174,12.7,57.2,61.1,-3.93,-8.14,5.39,4.75,5.34,5.39,-9.32,1.46
timing,pub,bucket:t2,D/F,1750,389,533,244,24.5,60.9,61.2,-0.31,3.75,3.90,3.06,4.70,4.70,-5.01,4.39
timing,pit,bucket:t2,D/F,1730,370,534,237,23.9,62.5,61.0,1.46,7.51,4.00,3.09,4.88,4.88,-3.42,6.34
timing,pub,bucket:t2,S/A/B,1724,282,587,240,26.6,63.8,62.3,1.50,0.16,3.43,3.23,3.80,3.80,-2.30,5.29
timing,pit,bucket:t2,S/A/B,1655,270,570,228,25.8,63.7,62.2,1.44,-0.75,3.54,3.25,3.68,3.68,-2.25,5.12
timing,pub,bucket:t2,no grade,448,224,134,105,7.4,54.2,53.7,0.57,21.92,8.54,8.81,8.23,8.81,-8.24,9.39
timing,pit,bucket:t2,no grade,595,298,190,140,9.1,55.3,54.7,0.58,20.82,6.71,7.06,6.49,7.06,-6.48,7.64
timing,pub,bucket:t3,C,4248,934,1246,633,45.3,59.4,60.3,-0.97,-0.29,2.85,3.17,3.36,3.36,-4.33,2.39
timing,pit,bucket:t3,C,4159,921,1225,611,45.1,58.3,60.5,-2.18,-5.80,3.06,3.60,3.70,3.70,-5.88,1.51
timing,pub,bucket:t3,D/F,5410,1060,1693,938,76.1,59.2,59.7,-0.45,-0.38,2.73,2.22,3.52,3.52,-3.97,3.07
timing,pit,bucket:t3,D/F,5285,940,1642,918,74.2,60.8,59.7,1.11,4.77,2.69,2.69,3.46,3.46,-2.35,4.57
timing,pub,bucket:t3,S/A/B,4823,587,1827,947,71.6,63.7,63.3,0.38,-0.15,2.27,1.28,2.16,2.27,-1.89,2.65
timing,pit,bucket:t3,S/A/B,4527,511,1751,883,67.2,63.3,63.5,-0.19,-1.83,2.41,1.27,2.25,2.41,-2.60,2.21
timing,pub,bucket:t3,no grade,1489,597,467,350,18.3,54.9,56.1,-1.26,9.55,4.33,3.81,4.34,4.34,-5.60,3.08
timing,pit,bucket:t3,no grade,1949,823,649,453,24.3,57.1,57.0,0.02,8.58,3.79,3.25,3.81,3.81,-3.79,3.83
timing,pub,bucket:t4,C,6715,1269,1886,948,93.2,60.4,58.4,1.95,6.81,1.99,1.69,2.43,2.43,-0.47,4.38
timing,pit,bucket:t4,C,6339,1212,1801,893,82.8,60.8,58.8,2.01,5.49,1.97,1.89,2.34,2.34,-0.33,4.35
timing,pub,bucket:t4,D/F,9430,1449,3006,1747,162.9,56.7,57.7,-0.97,-0.71,2.47,2.07,2.82,2.82,-3.80,1.85
timing,pit,bucket:t4,D/F,9079,1290,2862,1668,155.4,57.3,57.6,-0.24,0.08,2.51,2.15,2.88,2.88,-3.12,2.64
timing,pub,bucket:t4,S/A/B,8221,727,3028,1603,172.6,63.0,62.6,0.43,-1.39,1.72,1.33,1.84,1.84,-1.42,2.27
timing,pit,bucket:t4,S/A/B,7750,643,2908,1515,157.2,62.8,63.0,-0.26,-3.95,1.72,1.47,1.78,1.78,-2.05,1.52
timing,pub,bucket:t4,no grade,2947,907,901,541,64.2,51.0,54.5,-3.52,-8.32,3.17,3.20,3.25,3.25,-6.77,-0.27
timing,pit,bucket:t4,no grade,4042,1259,1270,746,96.2,53.5,55.0,-1.50,0.27,2.62,2.57,2.74,2.74,-4.24,1.24
timing,pub,bucket:t5,C,9226,1348,2249,1010,155.1,56.0,56.5,-0.48,2.90,2.43,1.67,2.99,2.99,-3.47,2.51
timing,pit,bucket:t5,C,9056,1282,2232,992,138.8,54.7,56.4,-1.71,-3.65,2.45,1.77,2.92,2.92,-4.63,1.21
timing,pub,bucket:t5,D/F,12954,1493,3911,2219,260.6,55.6,56.2,-0.63,6.14,2.04,1.71,2.22,2.22,-2.85,1.59
timing,pit,bucket:t5,D/F,12000,1344,3729,2113,237.3,56.9,56.6,0.32,7.80,1.99,1.61,2.20,2.20,-1.88,2.53
timing,pub,bucket:t5,S/A/B,11127,767,3827,1989,266.0,61.9,61.6,0.28,2.78,1.91,1.43,2.05,2.05,-1.78,2.33
timing,pit,bucket:t5,S/A/B,10595,699,3668,1881,247.0,60.6,61.7,-1.08,-3.30,1.96,1.85,2.14,2.14,-3.22,1.06
timing,pub,bucket:t5,no grade,4684,1025,1073,647,194.3,53.5,52.6,0.89,2.77,3.89,4.62,4.45,4.62,-3.72,5.51
timing,pit,bucket:t5,no grade,6218,1316,1498,883,251.3,57.2,53.4,3.82,11.79,3.50,4.20,4.08,4.20,-0.38,8.02
timing,pub,bucket:t6,C,8839,1208,2350,1233,70.0,64.4,62.9,1.49,4.44,1.63,1.32,1.95,1.95,-0.46,3.44
timing,pit,bucket:t6,C,8634,1160,2368,1234,67.8,63.1,62.9,0.28,-0.06,1.67,1.49,1.96,1.96,-1.68,2.24
timing,pub,bucket:t6,D/F,9157,1348,3373,2047,110.6,57.4,60.7,-3.29,-11.00,1.68,1.29,1.88,1.88,-5.18,-1.41
timing,pit,bucket:t6,D/F,8839,1205,3224,1950,111.2,59.1,60.8,-1.70,-6.48,1.66,1.41,1.82,1.82,-3.52,0.12
timing,pub,bucket:t6,S/A/B,13233,727,3919,2314,197.4,66.7,64.3,2.43,6.64,1.88,1.01,1.99,1.99,0.44,4.41
timing,pit,bucket:t6,S/A/B,12540,619,3750,2185,185.4,66.6,64.4,2.23,6.63,1.99,1.17,2.12,2.12,0.10,4.35
timing,pub,bucket:t6,no grade,2814,809,872,615,31.9,57.9,59.9,-2.05,-1.59,2.86,2.88,3.06,3.06,-5.12,1.01
timing,pit,bucket:t6,no grade,3957,1140,1278,866,44.9,59.9,60.4,-0.52,-1.99,2.48,2.29,2.70,2.70,-3.22,2.19
timing,pub,bucket:t7,C,6170,1046,1755,1053,48.0,69.9,68.2,1.71,5.80,1.78,1.41,1.99,1.99,-0.28,3.69
timing,pit,bucket:t7,C,6022,992,1732,1030,46.9,69.6,68.3,1.28,3.52,1.76,1.79,1.96,1.96,-0.68,3.24
timing,pub,bucket:t7,D/F,6300,1164,2253,1467,72.3,64.5,66.1,-1.62,-1.40,2.08,1.48,2.16,2.16,-3.79,0.54
timing,pit,bucket:t7,D/F,6009,1027,2153,1411,69.1,65.8,66.4,-0.58,0.69,2.14,1.63,2.20,2.20,-2.78,1.62
timing,pub,bucket:t7,S/A/B,10524,652,3055,1940,150.0,68.8,68.8,0.06,-3.99,1.69,0.83,2.08,2.08,-2.01,2.14
timing,pit,bucket:t7,S/A/B,10057,573,2933,1853,144.7,68.8,68.9,-0.15,-4.00,1.72,0.83,2.14,2.14,-2.29,2.00
timing,pub,bucket:t7,no grade,2109,666,705,502,21.8,63.6,63.9,-0.24,8.95,3.87,2.75,3.94,3.94,-4.18,3.70
timing,pit,bucket:t7,no grade,2965,952,1054,736,30.6,64.1,64.1,0.07,7.15,3.03,2.37,3.07,3.07,-3.00,3.14
timing,pub,bucket:t8,C,2418,604,742,597,19.2,65.6,65.8,-0.16,3.98,2.94,2.62,2.90,2.94,-3.10,2.78
timing,pit,bucket:t8,C,2119,553,695,573,16.3,67.2,67.1,0.16,4.95,2.86,2.70,2.84,2.86,-2.70,3.01
timing,pub,bucket:t8,D/F,2468,649,960,836,33.3,62.9,65.7,-2.81,0.23,2.94,2.98,2.97,2.98,-5.79,0.16
timing,pit,bucket:t8,D/F,2224,563,914,801,33.3,64.9,66.1,-1.15,5.51,3.04,2.92,3.10,3.10,-4.24,1.95
timing,pub,bucket:t8,S/A/B,3673,487,1468,1263,61.4,71.7,69.6,2.16,5.97,1.90,1.53,2.07,2.07,0.09,4.23
timing,pit,bucket:t8,S/A/B,3376,432,1380,1185,55.5,71.4,69.8,1.54,4.03,2.05,1.54,2.23,2.23,-0.69,3.77
timing,pub,bucket:t8,no grade,1497,501,370,303,16.8,63.0,64.3,-1.32,8.04,4.15,3.23,4.19,4.19,-5.51,2.87
timing,pit,bucket:t8,no grade,2286,664,540,441,25.1,62.9,63.7,-0.76,6.12,3.65,2.74,3.62,3.65,-4.41,2.89
timing,pub,mix:dayplus,C,1373,385,425,191,13.8,57.5,60.0,-2.41,-2.32,4.91,3.51,5.19,5.19,-7.60,2.77
timing,pit,mix:dayplus,C,1275,347,399,181,13.1,57.3,60.8,-3.56,-7.92,5.25,4.70,5.20,5.25,-8.81,1.69
timing,pub,mix:dayplus,D/F,1823,420,548,253,25.0,61.0,61.2,-0.24,3.55,3.81,3.13,4.58,4.58,-4.82,4.35
timing,pit,mix:dayplus,D/F,1793,394,547,247,24.4,62.6,61.1,1.55,7.27,3.91,3.15,4.75,4.75,-3.20,6.30
timing,pub,mix:dayplus,S/A/B,1747,287,595,243,26.8,63.8,62.3,1.43,0.24,3.39,3.30,3.74,3.74,-2.31,5.17
timing,pit,mix:dayplus,S/A/B,1678,277,578,232,26.0,63.7,62.3,1.46,-0.33,3.49,3.27,3.64,3.64,-2.19,5.10
timing,pub,mix:dayplus,no grade,514,264,149,115,8.0,53.9,53.8,0.05,20.78,7.57,7.91,7.29,7.91,-7.86,7.96
timing,pit,mix:dayplus,no grade,677,347,210,154,9.8,54.8,54.9,-0.07,19.29,6.14,6.41,5.96,6.41,-6.48,6.34
timing,pub,mix:inplay,C,17427,1746,3446,1796,137.3,66.5,65.2,1.34,4.85,1.22,0.97,1.36,1.36,-0.02,2.69
timing,pit,mix:inplay,C,16775,1647,3414,1786,131.0,66.0,65.4,0.62,1.85,1.24,1.17,1.39,1.39,-0.76,2.01
timing,pub,mix:inplay,D/F,17925,1918,5049,3095,216.3,60.7,63.3,-2.64,-6.06,1.30,0.80,1.34,1.34,-3.98,-1.30
timing,pit,mix:inplay,D/F,17072,1679,4825,2974,213.6,62.2,63.5,-1.23,-2.29,1.33,0.84,1.33,1.33,-2.57,0.10
timing,pub,mix:inplay,S/A/B,27430,1035,6512,3959,408.8,68.2,66.7,1.48,2.64,1.26,0.66,1.53,1.53,-0.05,3.01
timing,pit,mix:inplay,S/A/B,25973,877,6225,3763,385.7,68.1,66.9,1.22,2.27,1.31,0.74,1.61,1.61,-0.39,2.83
timing,pub,mix:inplay,no grade,6420,1292,1536,980,70.5,61.0,62.2,-1.29,3.97,2.24,1.92,2.37,2.37,-3.65,1.08
timing,pit,mix:inplay,no grade,9208,1830,2256,1389,100.6,62.0,62.4,-0.39,2.81,1.89,1.49,1.93,1.93,-2.32,1.54
timing,pub,mix:sameday,C,20189,2115,3500,1535,293.6,58.2,58.0,0.23,3.65,1.82,1.09,2.34,2.34,-2.12,2.57
timing,pit,mix:sameday,C,19554,1985,3420,1482,266.8,57.5,58.1,-0.60,-1.17,1.85,1.26,2.31,2.31,-2.92,1.71
timing,pub,mix:sameday,D/F,27794,2339,5970,3236,499.6,56.7,57.4,-0.71,2.91,1.80,1.42,2.16,2.16,-2.88,1.45
timing,pit,mix:sameday,D/F,26364,2030,5726,3135,467.0,57.8,57.5,0.29,4.75,1.79,1.55,2.15,2.15,-1.87,2.44
timing,pub,mix:sameday,S/A/B,24171,1118,6048,3100,510.2,62.6,62.3,0.35,0.96,1.28,0.87,1.34,1.34,-0.99,1.69
timing,pit,mix:sameday,S/A/B,22872,975,5780,2922,471.4,61.9,62.5,-0.63,-3.31,1.31,1.20,1.33,1.33,-1.96,0.71
timing,pub,mix:sameday,no grade,9120,1732,1681,920,276.8,52.9,53.8,-0.88,0.65,2.78,2.86,3.10,3.10,-3.99,2.22
timing,pit,mix:sameday,no grade,12209,2328,2351,1289,371.8,56.0,54.5,1.45,8.60,2.41,2.45,2.73,2.73,-1.27,4.18
