cfb	cfb-ore-wash-2025-11-29	Oregon	Washington
cfb	cfb-ohio-wmich-2025-11-11	Ohio	Western Michigan
cfb	cfb-vlb-morgst-2026-09-12	Virginia-Lynchburg	Morgan State
cfb	cfb-wm-lehi-2026-09-12	William & Mary	Lehigh
cfb	cfb-wsuf2ef8b-stmn-2026-08-27	Winona State	St. Thomas
cfb	cfb-navy-mphs-2025-11-27	Navy	Memphis
cfb	cfb-buf-umass-2025-10-18	Buffalo	UMass
cfb	cfb-mhud34ce7-nmxst-2026-09-05	Mercyhurst	New Mexico State
cfb	cfb-pvam-tarl-2026-08-29	Prairie View A&M	Tarleton State
cfb	cfb-ore-txtech-2026-01-01	Oregon	Texas Tech Red Raiders
cfb	cfb-cmich-wmich-2025-11-01	Central Michigan	Western Michigan
cfb	cfb-lou-smu-2025-11-22	Louisville	SMU Mustangs
cfb	cfb-boise-sdst-2025-11-15	Boise State	San Diego State
cfb	cfb-kentst-ballst-2025-11-05	Kent State Golden Flashes	Ball State
cfb	cfb-tulsa-smho-2026-09-12	Tulsa	Sam Houston
cfb	cfb-sala-txst-2025-11-29	South Alabama	Texas State
cfb	cfb-vsu206eca-scarst-2026-09-12	Virginia State	South Carolina State
cfb	cfb-syra-smu-2025-10-04	Syracuse	SMU Mustangs
cfb	cfb-rutger-ohiost-2025-11-22	Rutgers	Ohio State
cfb	cfb-kanst-okst-2025-11-15	Kansas State	Oklahoma State
cfb	cfb-byu-txtech-2025-11-08	BYU	Texas Tech Red Raiders
cfb	cfb-arpb-missr-2026-09-03	Arkansas-Pine Bluff	Missouri
cfb	cfb-bowlgr-umass-2025-11-25	Bowling	UMass
cfb	cfb-stbr-delst-2026-08-27	Stony Brook	Delaware State
cfb	cfb-boise-ore-2026-09-05	Boise State	Oregon
cfb	cfb-chsou-gas-2026-09-05	Charleston Southern	Georgia Southern
cfb	cfb-frest-sjst-2025-11-29	Fresno State	San Jose State
cfb	cfb-tulsa-ecar-2025-10-16	Tulsa	East Carolina
cfb	cfb-wcar-camp-2026-09-05	Western Carolina	Campbell
cfb	cfb-uconn-flatl-2025-11-22	UConn	Florida Atlantic
cfb	cfb-stbr-ballst-2026-09-12	Stony Brook	Ball State
cfb	cfb-arst-kenn-2025-09-20	Arkansas State	Kennesaw State
cfb	cfb-sjst-sdst-2025-11-22	San Jose State	San Diego State
cfb	cfb-byu-ecu-2025-09-20	BYU	East Carolina
cfb	cfb-clmsn-lou-2025-11-14	Clemson	Louisville
cfb	cfb-ekent-wcar-2026-08-29	Eastern Kentucky	Western Carolina
cfb	cfb-marsh-coast-2025-10-30	Marshall	Coastal Carolina Chanticleers
cfb	cfb-applst-jmad-2025-11-15	Appalachian State	James Madison
cfb	cfb-utahst-unlv-2025-11-15	Utah State	UNLV
cfb	cfb-del-wake-2025-11-22	Delaware Blue Hens	Wake Forest
cfb	cfb-stnh-nhamp-2026-09-12	Stonehill	New Hampshire
cfb	cfb-ill-wash-2025-10-25	Illinois	Washington
cfb	cfb-iowast-cin-2025-10-04	Iowa State	Cincinnati
cfb	cfb-msrst-mtnst-2025-10-08	Missouri State	Middle Tennessee
cfb	cfb-idhst-utahst-2026-09-05	Idaho State	Utah State
cfb	cfb-ndak-portst-2026-09-12	North Dakota	Portland State
cfb	cfb-emich-buf-2025-10-04	Eastern Michigan	Buffalo
cfb	cfb-emich-miaoh-2025-10-18	Eastern Michigan	Miami (OH)
cfb	cfb-nmx-airf-2025-11-22	New Mexico	Air Force
cfb	cfb-fairs-day-2026-08-29	Fairmont State	Dayton
mlb	mlb-atl-bos-2025-05-18	Braves	Red Sox
mlb	mlb-sd-det-2025-04-23	San Diego Padres	Detroit Tigers
mlb	mlb-tor-min-2026-05-02	Toronto Blue Jays	Minnesota Twins
mlb	mlb-bos-tb-2025-09-20	Red Sox	Rays
mlb	mlb-col-atl-2025-06-15	Rockies	Braves
mlb	mlb-chc-cin-2026-07-10	Chicago Cubs	Cincinnati Reds
mlb	mlb-nyy-tor-2025-07-02	Yankees	Blue Jays
mlb	mlb-phi-nym-2026-06-26	Philadelphia Phillies	New York Mets
mlb	mlb-wsh-mil-2026-04-11	Washington Nationals	Milwaukee Brewers
mlb	mlb-oak-kc-2026-08-19	Athletics	Kansas City Royals
mlb	mlb-tor-bal-2026-05-28	Toronto Blue Jays	Baltimore Orioles
mlb	mlb-kc-wsh-2026-06-15	Kansas City Royals	Washington Nationals
mlb	mlb-nyy-nym-2026-03-08	New York Yankees	New York Mets
mlb	mlb-col-mil-2026-07-26	Colorado Rockies	Milwaukee Brewers
mlb	mlb-nyy-laa-2025-05-26	Yankees	Angels
mlb	mlb-det-nyy-2025-04-09	Detroit Tigers	New York Yankees
mlb	mlb-wsh-oak-2026-07-18	Washington Nationals	Athletics
mlb	mlb-chc-cin-2026-07-12	Chicago Cubs	Cincinnati Reds
mlb	mlb-phi-sd-2026-05-27	Philadelphia Phillies	San Diego Padres
mlb	mlb-chc-laa-2025-08-23	Cubs	Angels
mlb	mlb-nyy-min-2025-09-16	Yankees	Twins
mlb	mlb-det-bal-2026-05-23	Detroit Tigers	Baltimore Orioles
mlb	mlb-pit-sea-2025-07-06	Pirates	Mariners
mlb	mlb-hou-phi-2026-09-08	Houston Astros	Philadelphia Phillies
mlb	mlb-sf-sd-2025-08-18	Giants	Padres
mlb	mlb-chc-stl-2026-07-27	Chicago Cubs	St. Louis Cardinals
mlb	mlb-chc-lad-2026-04-24	Chicago Cubs	Los Angeles Dodgers
mlb	mlb-wsh-oak-2026-07-19	Washington Nationals	Athletics
mlb	mlb-oak-phi-2026-05-05	Athletics	Philadelphia Phillies
mlb	mlb-sf-wsh-2025-05-24	Giants	Nationals
mlb	mlb-lad-sf-2025-09-13	Dodgers	Giants
mlb	mlb-kc-stl-2025-06-04	Royals	Cardinals
mlb	mlb-sf-lad-2025-09-18	Giants	Dodgers
mlb	mlb-col-ari-2026-03-12	Colorado Rockies	Arizona Diamondbacks
mlb	mlb-stl-ari-2026-07-17	St. Louis Cardinals	Arizona Diamondbacks
mlb	mlb-ari-nym-2026-04-09	Arizona Diamondbacks	New York Mets
mlb	mlb-lad-ari-2025-05-11	Dodgers	Diamondbacks
mlb	mlb-cin-sea-2026-07-20	Cincinnati Reds	Seattle Mariners
mlb	mlb-atl-sf-2025-06-07	Braves	Giants
mlb	mlb-hou-oak-2025-09-25	Astros	Athletics
mlb	mlb-sea-cin-2025-04-15	Seattle Mariners	Cincinnati Reds
mlb	mlb-chc-kc-2026-08-09	Chicago Cubs	Kansas City Royals
mlb	mlb-bos-cin-2026-03-29	Boston Red Sox	Cincinnati Reds
mlb	mlb-kc-cle-2025-04-13	Kansas City Royals	Cleveland Guardians
mlb	mlb-laa-bos-2025-06-04	Angels	Red Sox
mlb	mlb-wsh-sf-2025-08-10	Nationals	Giants
mlb	mlb-chc-mil-2026-09-08	Chicago Cubs	Milwaukee Brewers
mlb	mlb-atl-wsh-2026-09-02	Atlanta Braves	Washington Nationals
mlb	mlb-laa-cws-2026-04-27	Los Angeles Angels	Chicago White Sox
mlb	mlb-tor-bos-2026-07-24	Toronto Blue Jays	Boston Red Sox
nba	nba-uta-sac-2026-03-15	Jazz	Kings
nba	nba-uta-was-2026-03-05	Jazz	Wizards
nba	nba-bos-mil-2025-12-11	Celtics	Bucks
nba	nba-chi-den-2025-03-24-v2	Bulls	Nuggets
nba	nba-sas-sac-2024-12-01	Spurs	Kings
nba	nba-cle-dal-2026-03-13	Cavaliers	Mavericks
nba	nba-bos-bkn-2025-11-18	Celtics	Nets
nba	nba-mil-den-2025-03-26	Bucks	Nuggets
nba	nba-tor-bkn-2025-03-26	Raptors	Nets
nba	nba-orl-dal-2024-11-03	Magic	Mavericks
nba	nba-uta-gsw-2025-11-24	Jazz	Warriors
nba	nba-okc-nyk-2026-03-04	Thunder	Knicks
nba	nba-min-mem-2025-04-10	Timberwolves	Grizzlies
nba	nba-tor-mil-2025-01-17	Raptors	Bucks
nba	nba-ind-nyk-2026-02-10	Pacers	Knicks
nba	nba-min-gsw-2025-05-10	Timberwolves	Warriors
nba	nba-gsw-nyk-2025-03-04	Warriors	Knicks
nba	nba-cle-tor-2025-11-24	Cavaliers	Raptors
nba	nba-det-den-2024-12-28	Pistons	Nuggets
nba	nba-orl-chi-2026-04-10	Magic	Bulls
nba	nba-gsw-min-2025-01-15	Warriors	Timberwolves
nba	nba-ind-bos-2025-12-22	Pacers	Celtics
nba	nba-uta-lac-2026-01-01	Jazz	Clippers
nba	nba-dal-min-2025-11-17	Mavericks	Timberwolves
nba	nba-bos-chi-2024-12-21	Celtics	Bulls
nba	nba-den-gsw-2025-10-23	Nuggets	Warriors
nba	nba-nop-por-2024-10-27	Pelicans	Trail Blazers
nba	nba-lal-uta-2025-12-18	Lakers	Jazz
nba	nba-sac-bkn-2025-01-27	Kings	Nets
nba	nba-okc-atl-2025-10-25	Thunder	Hawks
nba	nba-ind-lac-2026-03-04	Pacers	Clippers
nba	nba-dailies-2024-05-10	Pacers	Knicks
nba	nba-nop-sas-2026-01-25	Pelicans	Spurs
nba	nba-nop-den-2025-02-03	Pelicans	Nuggets
nba	nba-por-dal-2025-01-09	Trail Blazers	Mavericks
nba	nba-bkn-gsw-2024-11-25	Nets	Warriors
nba	nba-chi-min-2025-02-05	Bulls	Timberwolves
nba	nba-mia-bos-2025-12-19	Heat	Celtics
nba	nba-den-nop-2025-11-19	Nuggets	Pelicans
nba	nba-orl-den-2025-02-06	Magic	Nuggets
nba	nba-cle-mem-2026-04-06	Cavaliers	Grizzlies
nba	nba-cle-cha-2026-02-20	Cavaliers	Hornets
nba	nba-min-lac-2024-12-04	Timberwolves	Clippers
nba	nba-por-min-2024-11-08	Trail Blazers	Timberwolves
nba	nba-nop-sac-2025-02-08	Pelicans	Kings
nba	nba-nyk-cha-2025-03-20-v2	Knicks	Hornets
nba	nba-sac-lal-2024-10-26	Kings	Lakers
nba	nba-den-sac-2025-04-09	Nuggets	Kings
nba	nba-ind-cha-2026-01-08	Pacers	Hornets
nba	nba-ind-chi-2024-12-06	Pacers	Bulls
nfl	nfl-phi-was-2024-12-22	Eagles	Commanders
nfl	nfl-den-sf-2025-08-09	Broncos	49ers
nfl	nfl-week-3-totals	Over	Under
nfl	nfl-gb-pit-2025-10-26	Packers	Steelers
nfl	nfl-hou-jax-2024-12-01	Texans	Jaguars
nfl	nfl-ne-chi-2024-11-10	Patriots	Bears
nfl	nfl-mia-nyj-2025-12-07	Dolphins	Jets
nfl	nfl-chi-min-2025-11-16	Bears	Vikings
nfl	nfl-week-6-spreads	Texans	Patriots
nfl	nfl-ind-ne-2024-12-01	Colts	Patriots
nfl	nfl-atl-dal-2025-08-22	Falcons 	Cowboys 
nfl	nfl-nyg-pit-2024-10-28	Giants	Steelers
nfl	nfl-det-phi-2025-11-16	Lions	Eagles
nfl	nfl-gb-min-2024-12-29	Packers	Vikings
nfl	nfl-jax-cle-2024-09-15	Jaguars	Browns
nfl	nfl-was-phi-2026-01-04	Commanders	Eagles
nfl	nfl-chi-det-2025-09-14	Bears	Lions
nfl	nfl-cin-cle-2024-10-20	Bengals	Browns
nfl	nfl-week-3-spreads	Chargers	Steelers
nfl	nfl-ten-jax-2026-01-04	Titans	Jaguars
nfl	nfl-week-3-spreads	49ers	Rams
nfl	nfl-cin-min-2025-09-21	Bengals	Vikings
nfl	nfl-bal-min-2025-11-09	Ravens	Vikings
nfl	nfl-week-8-spreads	Chiefs	Raiders
nfl	nfl-jax-lv-2025-11-02	Jaguars	Raiders
nfl	nfl-mia-nyj-2025-01-05	Dolphins	Jets
nfl	nfl-gb-min-2024-09-29	Packers	Vikings
nfl	nfl-la-kc-2026-08-15	Rams	Chiefs
nfl	nfl-car-ne-2025-09-28	Panthers	Patriots
nfl	nfl-kc-bal-2024-09-05	Chiefs	Ravens
nfl	nfl-tb-pit-2025-08-16	Buccaneers 	Steelers
nfl	nfl-cle-pit-2024-12-08	Browns	Steelers
nfl	nfl-hou-dal-2024-11-18	Texans	Cowboys
nfl	nfl-hou-chi-2024-09-15	Texans	Bears
nfl	nfl-nyj-no-2025-12-21	Jets	Saints
nfl	nfl-week-5-spreads	Bears	Panthers
nfl	nfl-atl-no-2024-11-10	Falcons	Saints
nfl	nfl-week-7-spreads	Jets	Steelers
nfl	nfl-cle-dal-2024-09-08	Browns	Cowboys
nfl	nfl-lv-hou-2026-08-21	Raiders	Texans
nfl	nfl-ind-bal-2025-08-07	Colts	Ravens 
nfl	nfl-week-8-spreads	Dolphins	Cardinals
nfl	nfl-det-chi-2026-01-04	Lions	Bears
nfl	nfl-cin-gb-2025-10-12	Bengals	Packers
nfl	nfl-week-8-spreads	Bills	Seahawks
nfl	nfl-tb-dal-2024-12-22	Buccaneers	Cowboys
nfl	nfl-ind-cin-2025-08-23	Colts 	Bengals 
nfl	nfl-week-6-spreads	Bengals	Giants
nfl	nfl-cle-bal-2025-09-14	Browns	Ravens
nfl	nfl-sea-sf-2026-01-04	Seahawks	49ers
nhl	nhl-wsh-utah-2026-03-26	Capitals	Utah
nhl	nhl-lak-edm-2025-05-01	Kings	Oilers
nhl	nhl-nyi-wsh-2026-02-02	Islanders	Capitals
nhl	nhl-edm-las-2026-03-08	Oilers	Golden Knights
nhl	nhl-bos-tor-2025-01-04	Bruins	Maple Leafs
nhl	nhl-car-wsh-2025-05-15	Hurricanes	Capitals
nhl	nhl-car-wsh-2026-01-31	Hurricanes	Capitals
nhl	nhl-sea-edm-2025-09-24	Kraken	Oilers
nhl	nhl-mon-cbj-2025-11-17	Canadiens	Blue Jackets
nhl	nhl-wpg-dal-2026-02-02	Jets	Stars
nhl	nhl-sea-nj-2026-01-14	Kraken	Devils
nhl	nhl-stl-cal-2025-10-11	Blues	Flames
nhl	nhl-ana-pit-2025-12-10	Ducks	Penguins
nhl	nhl-fla-phi-2024-12-05	Panthers	Flyers
nhl	nhl-chi-nsh-2025-03-08	Blackhawks	Predators
nhl	nhl-cbj-van-2024-12-06	Blue Jackets	Canucks
nhl	nhl-ana-ott-2024-12-11	Ducks	Senators
nhl	nhl-tor-pit-2024-12-07	Maple Leafs	Penguins
nhl	nhl-edm-phi-2025-02-22	Oilers	Flyers
nhl	nhl-bos-nyr-2025-01-02	Bruins	Rangers
nhl	nhl-bos-fla-2026-02-04	Bruins	Panthers
nhl	nhl-edm-las-2025-05-06	Oilers	Golden Knights
nhl	nhl-buf-mon-2026-05-10	Sabres	Canadiens
nhl	nhl-nyr-bos-2025-11-28	Rangers	Bruins
nhl	nhl-tb-las-2025-11-06	Lightning	Golden Knights
nhl	nhl-las-buf-2025-03-15	Golden Knights	Sabres
nhl	nhl-las-mon-2026-01-27	Golden Knights	Canadiens
nhl	nhl-car-wpg-2025-11-21	Hurricanes	Jets
nhl	nhl-bos-sea-2026-01-06	Bruins	Kraken
nhl	nhl-det-car-2026-02-28	Red Wings	Hurricanes
nhl	nhl-stl-wpg-2025-04-30	Blues	Jets
nhl	nhl-wpg-sea-2025-11-13	Jets	Kraken
nhl	nhl-lak-pit-2025-11-09	Kings	Penguins
nhl	nhl-ott-mon-2025-03-18	Senators	Canadiens
nhl	nhl-wsh-mon-2026-02-28	Capitals	Canadiens
nhl	nhl-tor-ana-2026-03-30	Maple Leafs	Ducks
nhl	nhl-utah-chi-2025-03-30	Utah	Blackhawks
nhl	nhl-bos-stl-2025-12-10	Bruins	Blues
nhl	nhl-min-van-2025-12-07	Wild	Canucks
nhl	nhl-min-ana-2024-12-06	Wild	Ducks
nhl	nhl-nyi-cbj-2025-04-17	Islanders	Blue Jackets
nhl	nhl-wpg-car-2025-11-28	Jets	Hurricanes
nhl	nhl-col-cbj-2025-10-16	Avalanche	Blue Jackets
nhl	nhl-phi-chi-2025-12-23	Flyers	Blackhawks
nhl	nhl-nyr-ana-2025-03-28	Rangers	Ducks
nhl	nhl-tor-det-2025-10-11	Maple Leafs	Red Wings
nhl	nhl-mon-tor-2025-04-12	Canadiens	Maple Leafs
nhl	nhl-stl-bos-2025-12-04	Blues	Bruins
nhl	nhl-dal-col-2025-04-26	Stars	Avalanche
nhl	nhl-nyi-tb-2025-03-29	Islanders	Lightning
wnba	wnba-tor-las-2026-08-28	Toronto Tempo	Las Vegas Aces
wnba	wnba-sea-dal-2025-05-19	Storm	Wings
wnba	wnba-chi-nyl-2025-08-21	Sky	Liberty
wnba	wnba-por-las-2026-07-28	PortlandFire	Las Vegas Aces
wnba	wnba-nyl-phx-2025-09-19	Liberty	Mercury
wnba	wnba-sea-chi-2026-07-15	Seattle Storm	Chicago Sky
wnba	wnba-conn-ind-2025-05-30	Sun	Fever
wnba	wnba-gsv-sea-2026-06-12	Golden State Valkyries	Seattle Storm
wnba	wnba-nyl-las-2026-07-30	New York Liberty	Las Vegas Aces
wnba	wnba-gsv-las-2025-08-03	Valkyries	Aces
wnba	wnba-wsh-atl-2026-06-06	Washington Mystics	Atlanta Dream
wnba	wnba-nyl-la-2026-07-28	New York Liberty	Los Angeles Sparks
wnba	wnba-min-chi-2025-07-14	Lynx	Sky
wnba	wnba-tor-atl-2026-08-10	Toronto Tempo	Atlanta Dream
wnba	wnba-la-por-2026-05-03	Los Angeles Sparks	Portland Fire
wnba	wnba-chi-gsv-2026-05-13	Chicago Sky	Golden State Valkyries
wnba	wnba-ind-wsh-2026-06-08	Indiana Fever	Washington Mystics
wnba	wnba-wsh-las-2026-08-13	Washington Mystics	Las Vegas Aces
wnba	wnba-min-gsv-2025-09-17	Lynx	Valkyries
wnba	wnba-nyl-ind-2026-07-18	New York Liberty	Indiana Fever
wnba	wnba-nyl-dal-2026-07-16	New York Liberty	Dallas Wings
wnba	wnba-las-atl-2026-05-17	Las Vegas Aces	Atlanta Dream
wnba	wnba-sea-las-2026-06-08	Seattle Storm	Las Vegas Aces
wnba	wnba-dal-wsh-2025-06-22	Wings	Mystics
wnba	wnba-min-chi-2026-05-23	Minnesota Lynx	Chicago Sky
wnba	wnba-la-sea-2026-06-10	Los Angeles Sparks	Seattle Storm
wnba	wnba-la-dal-2025-06-06	Sparks	Wings
wnba	wnba-sea-nyl-2025-07-06	Storm	Liberty
wnba	wnba-gsv-min-2025-07-05	Valkyries	Lynx
wnba	wnba-chi-conn-2026-08-25	Chicago Sky	Connecticut Sun
wnba	wnba-nyl-chi-2025-05-22	Liberty	Sky
wnba	wnba-la-sea-2026-08-30	Los Angeles Sparks	Seattle Storm
wnba	wnba-atl-min-2025-07-27	Dream	Lynx
wnba	wnba-wsh-min-2025-08-08	Mystics	Lynx
wnba	wnba-wsh-conn-2026-06-26	Washington Mystics	Connecticut Sun
wnba	wnba-chi-sea-2026-08-16	Chicago Sky	Seattle Storm
wnba	wnba-dal-nyl-2026-05-24	Dallas Wings	New York Liberty
wnba	wnba-min-phx-2025-09-28	Lynx	Mercury
wnba	wnba-atl-ind-2026-06-04	Atlanta Dream	Indiana Fever
wnba	wnba-conn-nyl-2026-05-08	Connecticut Sun	New York Liberty
wnba	wnba-por-tor-2026-05-23	Portland Fire	Toronto Tempo
wnba	wnba-min-phx-2025-07-09	Lynx	Mercury
wnba	wnba-min-la-2025-05-18	Lynx	Sparks
wnba	wnba-phx-gsv-2026-05-10	Phoenix Mercury	Golden State Valkyries
wnba	wnba-sea-phx-2026-06-20	Seattle Storm	Phoenix Mercury
wnba	wnba-conn-min-2026-07-06	Connecticut Sun	Minnesota Lynx
wnba	wnba-wsh-chi-2025-06-17	Mystics	Sky
wnba	wnba-wsh-atl-2025-06-20	Mystics	Dream
wnba	wnba-las-dal-2025-07-16	Aces	Wings
wnba	wnba-chi-wsh-2025-07-08	Sky	Mystics
soccer:arg	arg-cas-tig-2026-04-25	CA Tigre	CA Sarmiento
soccer:arg	arg-bel-cas-2026-03-07	CA Sarmiento	CA Belgrano
soccer:arg	arg-new-ind-2026-01-27	CA Independiente	CA Newell's Old Boys
soccer:arg	arg-aae-ros-2026-04-24	CA Rosario Central	AA Estudiantes
soccer:arg	arg-ros-rac-2026-07-28	Racing Club	CA Rosario Central
soccer:arg	arg-est-rac-2026-05-10	Racing Club	Estudiantes de La Plata
soccer:arg	arg-ald-cah-2026-03-16	CA Huracán	CA Aldosivi
soccer:arg	arg-tig-vel-2026-03-10	CA Vélez Sarsfield	CA Tigre
soccer:arg	arg-ald-rac-2026-04-19	Racing Club	CA Aldosivi
soccer:arg	arg-cas-est-2026-08-23	Estudiantes de La Plata	CA Sarmiento
soccer:arg	arg-pla-boc-2026-08-15	CA Boca Juniors	CA Platense
soccer:arg	arg-uni-tal-2026-03-06	CA Talleres	CA Unión
soccer:arg	arg-est-vel-2026-03-02	CA Vélez Sarsfield	Estudiantes de La Plata
soccer:arg	arg-new-def-2026-02-07	CSyD Defensa y Justicia	CA Newell's Old Boys
soccer:arg	arg-lan-iac-2026-08-02	Instituto AC Córdoba	CA Lanús
soccer:arg	arg-new-boc-2026-08-02	CA Boca Juniors	CA Newell's Old Boys
soccer:arg	arg-aaj-pla-2026-03-22	CA Platense	AA Argentinos Juniors
soccer:arg	arg-cat-bel-2026-08-29	CA Belgrano	CA Tucumán
soccer:arg	arg-bel-def-2026-08-23	CSyD Defensa y Justicia	CA Belgrano
soccer:arg	arg-boc-est-2026-08-05	Estudiantes de La Plata	CA Boca Juniors
soccer:bun	bun-fre-wer-2026-02-07	SV Werder Bremen	SC Freiburg
soccer:bun	bun-b04-lei-2026-05-02	RB Leipzig	Bayer 04 Leverkusen
soccer:bun	bun-mai-moe-2025-12-05	Borussia Mönchengladbach	FSV Mainz 05
soccer:bun	bun-hsv-ein-2025-12-20	Eintracht Frankfurt	Hamburger SV
soccer:bun	bun-b04-mai-2026-02-28	1. FSV Mainz 05	Bayer 04 Leverkusen
soccer:bun	bun-moe-dor-2026-05-03	BV Borussia 09 Dortmund	Borussia Mönchengladbach
soccer:bun	bun-fre-wol-2026-05-03	VfL Wolfsburg	SC Freiburg
soccer:bun	bun-hof-wol-2026-03-14	VfL Wolfsburg	TSG 1899 Hoffenheim
soccer:bun	bun-bay-stu-2026-04-19	VfB Stuttgart	FC Bayern München
soccer:bun	bun-bay-hof-2026-02-08	TSG 1899 Hoffenheim	FC Bayern München
soccer:bun	bun-pau-hei-2025-12-13	1. FC Heidenheim 1846	FC St. Pauli 1910
soccer:bun	bun-ein-aug-2025-12-13	FC Augsburg	Eintracht Frankfurt
soccer:bun	bun-uni-pau-2026-04-05	FC St. Pauli 1910	1. FC Union Berlin
soccer:bun	bun-pau-wol-2026-05-16	VfL Wolfsburg	FC St. Pauli 1910
soccer:bun	bun-mai-bay-2026-04-25	FC Bayern München	1. FSV Mainz 05
soccer:bun	bun-elv-bay-2026-09-13	FC Bayern München	SV 07 Elversberg
soccer:bun	bun-lei-dor-2026-02-21	BV Borussia 09 Dortmund	RB Leipzig
soccer:bun	bun-hei-uni-2026-04-11	1. FC Union Berlin	1. FC Heidenheim 1846
soccer:bun	bun-koe-wer-2026-09-12	SV Werder Bremen	1. FC Köln
soccer:bun	bun-lei-wol-2026-02-15	VfL Wolfsburg	RB Leipzig
soccer:col	col-sar-it-2026-07-09	FC Inter Turku	FK Sarajevo
soccer:col	col-deb-kob-2026-08-06	FC København	Debreceni VSC
soccer:col	col-rfs-ves-2026-07-23	ÍF Vestri	FK Rīgas Futbola Skola
soccer:col	col-cel-she1-2025-12-18	Shelbourne FC	NK Celje
soccer:col	col-rfc1-ki-2026-08-27	KÍ	Rīga FC
soccer:col	col-noa-leg-2025-12-11	Legia Warszawa	Noah FA
soccer:col	col-glt-rfs-2026-07-09	FK Rīgas Futbola Skola	Glentoran FC
soccer:col	col-bohe-stj1-2026-07-09	St Joseph's FC	Bohemian FC
soccer:col	col-haj-zal-2026-08-13	FK Žalgiris Vilnius	HNK Hajduk Split
soccer:col	col-ilv-rij-2026-08-13	HNK Rijeka	Ilves Tampere
soccer:col	col-bohe-mid-2026-08-06	FC Midtjylland	Bohemian FC
soccer:col	col-zir-tku-2026-07-08	SK Torpedo Kutaisi	Zirə FK
soccer:col	col-una-laf-2026-07-07	SP La Fiorita	FC UNA Strassen
soccer:col	col-fio-dyn-2025-12-11	FK Dynamo Kyiv	ACF Fiorentina
soccer:col	col-sut-mlv-2026-07-30	FK ML Viciebsk	FK Sutjeska Nikšić
soccer:col	col-bha-tro-2026-08-27	Tromsø IL	Brighton & Hove Albion FC
soccer:col	col-dgj-trf-2026-08-13	Tre Fiori FC	FC Drita
soccer:col	col-az-jag-2025-12-18	Jagiellonia Białystok	AZ
soccer:col	col-it-iba-2026-07-30	Rams Başakşehir FK	FC Inter Turku
soccer:col	col-vik-bor-2026-08-20	FK Borac Banja Luka	KF Víkingur
soccer:elc	elc-wre-por-2026-02-24	Portsmouth FC	Wrexham AFC
soccer:elc	elc-swe-bir-2026-01-20	Birmingham City FC	Sheffield Wednesday FC
soccer:elc	elc-she-oxf-2026-01-04	Oxford United FC	Sheffield United FC
soccer:elc	elc-wre-bur-2026-09-08	Burnley FC	Wrexham AFC
soccer:elc	elc-bol-lin-2026-08-29	Lincoln City FC	Bolton Wanderers FC
soccer:elc	elc-wba-ips-2026-04-25	Ipswich Town FC	West Bromwich Albion FC
soccer:elc	elc-der-oxf-2026-04-18	Oxford United FC	Derby County FC
soccer:elc	elc-por-lei-2026-04-18	Leicester City FC	Portsmouth FC
soccer:elc	elc-sto-qpr-2026-01-17	Queens Park Rangers FC	Stoke City FC
soccer:elc	elc-nor-bir-2026-09-09	Birmingham City FC	Norwich City FC
soccer:elc	elc-wba-cha-2026-02-24	Charlton Athletic FC	West Bromwich Albion FC
soccer:elc	elc-cha-wre-2026-02-28	Wrexham AFC	Charlton Athletic FC
soccer:elc	elc-swa-wre-2025-12-19	Wrexham AFC	Swansea City AFC
soccer:elc	elc-bri-mil-2026-08-15	Millwall FC	Bristol City FC
soccer:elc	elc-pne-sot-2026-05-02	Southampton FC	Preston North End FC
soccer:elc	elc-cha-ips-2026-04-22	Ipswich Town FC	Charlton Athletic FC
soccer:elc	elc-por-qpr-2025-12-26	Queens Park Rangers FC	Portsmouth FC
soccer:elc	elc-mid-nor-2026-01-31	Norwich City FC	Middlesbrough FC
soccer:elc	elc-der-bbr-2026-02-28	Blackburn Rovers FC	Derby County FC
soccer:elc	elc-mil-bir-2026-02-25	Birmingham City FC	Millwall FC
soccer:epl	epl-new-bre-2026-02-07	Brentford FC	Newcastle United FC
soccer:epl	epl-ful-eve-2026-02-07	Everton FC	Fulham FC
soccer:epl	epl-bri-ast-2026-08-23	Aston Villa FC	Brighton & Hove Albion FC
soccer:epl	epl-wol-mun-2025-12-08	Manchester United	Wolves
soccer:epl	epl-eve-liv-2026-04-19	Liverpool FC	Everton FC
soccer:epl	epl-tot-wes-2026-01-17	West Ham United FC	Tottenham Hotspur FC
soccer:epl	epl-bou-mun-2026-03-20	Manchester United FC	AFC Bournemouth
soccer:epl	epl-bre-wol-2026-03-16	Wolverhampton Wanderers FC	Brentford FC
soccer:epl	epl-ars-mun-2026-01-25	Manchester United FC	Arsenal FC
soccer:epl	epl-mac-wes-2025-12-20	West Ham United FC	Manchester City FC
soccer:epl	epl-ast-bre-2026-02-01	Brentford FC	Aston Villa FC
soccer:epl	epl-liv-not-2026-08-29	Nottingham Forest FC	Liverpool FC
soccer:epl	epl-bur-bri-2026-04-11	Brighton & Hove Albion FC	Burnley FC
soccer:epl	epl-liv-ful-2026-09-12	Fulham FC	Liverpool FC
soccer:epl	epl-ars-eve-2026-03-14	Everton FC	Arsenal FC
soccer:epl	epl-ars-liv-2026-01-08	Liverpool FC	Arsenal FC
soccer:epl	epl-che-ast-2025-12-27	Aston Villa FC	Chelsea FC
soccer:epl	epl-not-wol-2026-02-11	Wolverhampton Wanderers FC	Nottingham Forest FC
soccer:epl	epl-mac-wol-2026-01-24	Wolverhampton Wanderers FC	Manchester City FC
soccer:epl	epl-tot-ars-2026-02-22	Arsenal FC	Tottenham Hotspur FC
soccer:es2	es2-cor-mir-2026-03-27	CD Mirandés	Córdoba CF
soccer:es2	es2-alb-cas-2026-03-28	CD Castellón	Albacete Balompié
soccer:es2	es2-rrc-hue-2026-05-03	SD Huesca	Real Racing Club
soccer:es2	es2-dep-cor-2026-03-31	Córdoba CF	RC Deportivo La Coruña
soccer:es2	es2-alm-gra-2026-01-03	Granada CF	UD Almería
soccer:es2	es2-alb-eib-2026-04-24	SD Eibar	Albacete Balompié
soccer:es2	es2-and-rrc-2026-04-05	Real Racing Club	FC Andorra
soccer:es2	es2-bur-dep-2026-04-25	RC Deportivo La Coruña	Burgos CF
soccer:es2	es2-lpm-bur-2026-02-07	Burgos CF	UD Las Palmas
soccer:es2	es2-rso-lpm-2026-01-30	UD Las Palmas	Real Sociedad de Fútbol B
soccer:es2	es2-alb-leo-2026-05-09	Cultural y Deportiva Leonesa	Albacete Balompié
soccer:es2	es2-rrc-vld-2026-05-16	Real Valladolid CF	Real Racing Club
soccer:es2	es2-leg-mir-2026-05-31	CD Mirandés	CD Leganés
soccer:es2	es2-dep-cad-2026-01-04	Cádiz CF	RC Deportivo La Coruña
soccer:es2	es2-gra-spo-2026-05-30	Real Sporting de Gijón	Granada CF
soccer:es2	es2-ceu-lpm-2026-08-22	UD Las Palmas	AD Ceuta FC
soccer:es2	es2-cor-gra-2026-08-30	Granada CF	Córdoba CF
soccer:es2	es2-cad-lpm-2026-04-27	UD Las Palmas	Cádiz CF
soccer:es2	es2-hue-leo-2026-04-01	Cultural y Deportiva Leonesa	SD Huesca
soccer:es2	es2-zar-gra-2026-05-01	Granada CF	Real Zaragoza
soccer:fl1	fl1-tou-ogc-2026-01-17	OGC Nice	Toulouse FC
soccer:fl1	fl1-met-pfc-2026-04-19	Paris FC	FC Metz
soccer:fl1	fl1-ang-hac-2026-04-18	Le Havre AC	Angers SCO
soccer:fl1	fl1-pfc-ogc-2026-03-01	OGC Nice	Paris FC
soccer:fl1	fl1-ang-lil-2026-02-22	Lille OSC	Angers SCO
soccer:fl1	fl1-ogc-ren-2026-03-08	Stade Rennais FC 1901	OGC Nice
soccer:fl1	fl1-lil-lor-2026-03-08	FC Lorient	Lille OSC
soccer:fl1	fl1-lyo-aja-2026-09-04	AJ Auxerre	Olympique Lyonnais
soccer:fl1	fl1-lyo-aja-2026-04-25	AJ Auxerre	Olympique Lyonnais
soccer:fl1	fl1-rcl-hac-2026-01-30	Le Havre AC	Racing Club de Lens
soccer:fl1	fl1-nan-ang-2026-03-07	Angers SCO	FC Nantes
soccer:fl1	fl1-ang-met-2026-02-01	FC Metz	Angers SCO
soccer:fl1	fl1-ogc-lor-2026-08-22	FC Lorient	OGC Nice
soccer:fl1	fl1-hac-str-2026-02-08	RC Strasbourg Alsace	Le Havre AC
soccer:fl1	fl1-lmf-sbr-2026-08-22	Stade Brestois 29	Le Mans FC
soccer:fl1	fl1-str-met-2026-01-18	FC Metz	RC Strasbourg Alsace
soccer:fl1	fl1-ogc-ang-2025-12-07	Angers SCO	OGC Nice
soccer:fl1	fl1-met-nan-2026-04-05	FC Nantes	FC Metz
soccer:fl1	fl1-lor-lyo-2025-12-07	Olympique Lyonnais	FC Lorient
soccer:fl1	fl1-ang-olm-2026-01-17	Olympique de Marseille	Angers SCO
soccer:lal	lal-lev-gir-2026-03-07	Girona FC	Levante UD
soccer:lal	lal-val-rea-2026-02-08	Real Madrid CF	Valencia CF
soccer:lal	lal-rso-lev-2026-04-04	Levante UD	Real Sociedad de Fútbol
soccer:lal	lal-get-cel-2026-02-01	RC Celta de Vigo	Getafe CF
soccer:lal	lal-rso-ovi-2026-02-21	Real Oviedo	Real Sociedad de Fútbol
soccer:lal	lal-bil-cel-2026-05-17	RC Celta de Vigo	Athletic Club
soccer:lal	lal-osa-vil-2026-01-31	Villarreal CF	CA Osasuna
soccer:lal	lal-bar-bet-2026-05-17	Real Betis Balompié	FC Barcelona
soccer:lal	lal-esp-ovi-2026-03-09	Real Oviedo	RCD Espanyol de Barcelona
soccer:lal	lal-sev-gir-2026-02-07	Girona FC	Sevilla FC
soccer:lal	lal-rso-osa-2026-03-15	CA Osasuna	Real Sociedad de Fútbol
soccer:lal	lal-elc-sev-2026-01-19	Sevilla FC	Elche CF
soccer:lal	lal-lev-rso-2025-12-20	Real Sociedad de Fútbol	Levante UD
soccer:lal	lal-bil-rso-2026-02-01	Real Sociedad de Fútbol	Athletic Club
soccer:lal	lal-bet-esp-2026-04-04	RCD Espanyol de Barcelona	Real Betis Balompié
soccer:lal	lal-osa-mal-2026-03-06	RCD Mallorca	CA Osasuna
soccer:lal	lal-bil-elc-2026-02-20	Elche CF	Athletic Club
soccer:lal	lal-ala-ovi-2026-01-04	Real Oviedo	Deportivo Alavés
soccer:lal	lal-lev-sev-2026-04-23	Sevilla FC	Levante UD
soccer:lal	lal-ray-esp-2026-04-23	RCD Espanyol de Barcelona	Rayo Vallecano de Madrid
soccer:mls	mls-clb-ner-2026-08-29	New England Revolution	Columbus Crew
soccer:mls	mls-clb-orl-2026-04-12	Orlando City SC	Columbus Crew
soccer:mls	mls-nas-laf-2026-05-17	Los Angeles FC	Nashville SC
soccer:mls	mls-sdg-min-2025-11-24	Minnesota United FC	San Diego FC
soccer:mls	mls-nyc-nas-2026-09-04	Nashville SC	New York City FC
soccer:mls	mls-mim-nyc-2026-04-25	New York City FC	CF Montréal
soccer:mls	mls-dcu-clb-2026-09-09	Columbus Crew	D.C. United SC
soccer:mls	mls-mim-por-2026-05-13	Portland Timbers	CF Montréal
soccer:mls	mls-fcc-nyr-2026-04-25	New York Red Bulls	FC Cincinnati
soccer:mls	mls-sje-min-2026-08-22	Minnesota United FC	San Jose Earthquakes
soccer:mls	mls-dal-sdg-2026-03-14	San Diego FC	FC Dallas
soccer:mls	mls-sdg-stl-2026-03-01	St. Louis City SC	San Diego FC
soccer:mls	mls-nyc-clb-2026-05-10	Columbus Crew	New York City FC
soccer:mls	mls-mia-aus-2026-04-04	Austin FC	Inter Miami CF
soccer:mls	mls-ner-nas-2026-05-13	Nashville SC	New England Revolution
soccer:mls	mls-col-stl-2026-05-09	St. Louis City SC	Colorado Rapids SC
soccer:mls	mls-sje-sea-2026-03-15	Seattle Sounders FC	San Jose Earthquakes
soccer:mls	mls-sdg-col-2026-08-22	Colorado Rapids SC	San Diego FC
soccer:mls	mls-laf-mia-2026-02-21	Inter Miami CF	Los Angeles FC
soccer:mls	mls-nas-atl-2026-07-17	Atlanta United FC	Nashville SC
soccer:sea	sea-par-pis-2026-04-25	Pisa SC	Parma Calcio 1913
soccer:sea	sea-juv-nap-2026-01-25	SSC Napoli	Juventus FC
soccer:sea	sea-cre-tor-2026-04-19	Torino FC	US Cremonese
soccer:sea	sea-lec-rom-2026-08-31	AS Roma	US Lecce
soccer:sea	sea-bol-laz-2026-03-22	SS Lazio	Bologna FC 1909
soccer:sea	sea-laz-ata-2026-02-14	Atalanta BC	SS Lazio
soccer:sea	sea-par-fio-2025-12-27	ACF Fiorentina	Parma Calcio 1913
soccer:sea	sea-sas-cre-2026-01-25	US Cremonese	US Sassuolo Calcio
soccer:sea	sea-juv-laz-2026-02-08	SS Lazio	Juventus FC
soccer:sea	sea-cag-laz-2026-02-21	SS Lazio	Cagliari Calcio
soccer:sea	sea-pis-nap-2026-05-17	SSC Napoli	Pisa SC
soccer:sea	sea-cag-ver-2026-01-31	Hellas Verona FC	Cagliari Calcio
soccer:sea	sea-juv-com-2026-02-21	Como 1907	Juventus FC
soccer:sea	sea-rom-fio-2026-05-04	ACF Fiorentina	AS Roma
soccer:sea	sea-bol-udi-2026-02-23	Udinese Calcio	Bologna FC 1909
soccer:sea	sea-cag-cre-2026-04-11	US Cremonese	Cagliari Calcio
soccer:sea	sea-int-gen-2026-02-28	Genoa CFC	FC Internazionale Milano
soccer:sea	sea-sas-tor-2025-12-21	Torino FC	US Sassuolo Calcio
soccer:sea	sea-bol-laz-2026-08-24	SS Lazio	Bologna FC 1909
soccer:sea	sea-fio-cag-2026-01-24	Cagliari Calcio	ACF Fiorentina
